{
  "best_global_step": 72,
  "best_metric": 0.2739107012748718,
  "best_model_checkpoint": "./outputs/lora_r64_alpha256/checkpoint-72",
  "epoch": 28.0,
  "eval_steps": 500,
  "global_step": 112,
  "is_hyper_param_search": false,
  "is_local_process_zero": true,
  "is_world_process_zero": true,
  "log_history": [
    {
      "epoch": 1.0,
      "grad_norm": 0.7610753178596497,
      "learning_rate": 7.5e-05,
      "loss": 0.6927,
      "step": 4
    },
    {
      "epoch": 1.0,
      "eval_accuracy": 0.7503699314480641,
      "eval_loss": 0.6504698991775513,
      "eval_mean_dice": 0.5151217833020696,
      "eval_mean_iou": 0.37518496572403204,
      "eval_runtime": 17.4616,
      "eval_samples_per_second": 11.454,
      "eval_steps_per_second": 0.115,
      "step": 4
    },
    {
      "epoch": 2.0,
      "grad_norm": 0.6908905506134033,
      "learning_rate": 0.000175,
      "loss": 0.6735,
      "step": 8
    },
    {
      "epoch": 2.0,
      "eval_accuracy": 0.6847712654747492,
      "eval_loss": 0.6373661756515503,
      "eval_mean_dice": 0.6163193896334398,
      "eval_mean_iou": 0.3423856327373746,
      "eval_runtime": 17.3854,
      "eval_samples_per_second": 11.504,
      "eval_steps_per_second": 0.115,
      "step": 8
    },
    {
      "epoch": 3.0,
      "grad_norm": 0.602441668510437,
      "learning_rate": 0.000275,
      "loss": 0.645,
      "step": 12
    },
    {
      "epoch": 3.0,
      "eval_accuracy": 0.7697494604052637,
      "eval_loss": 0.5929901599884033,
      "eval_mean_dice": 0.7181674996295464,
      "eval_mean_iou": 0.38487473020263185,
      "eval_runtime": 17.9753,
      "eval_samples_per_second": 11.126,
      "eval_steps_per_second": 0.111,
      "step": 12
    },
    {
      "epoch": 4.0,
      "grad_norm": 0.8996304273605347,
      "learning_rate": 0.000375,
      "loss": 0.6126,
      "step": 16
    },
    {
      "epoch": 4.0,
      "eval_accuracy": 0.82024821964588,
      "eval_loss": 0.5403005480766296,
      "eval_mean_dice": 0.7627929507077658,
      "eval_mean_iou": 0.41012410982294,
      "eval_runtime": 18.1698,
      "eval_samples_per_second": 11.007,
      "eval_steps_per_second": 0.11,
      "step": 16
    },
    {
      "epoch": 5.0,
      "grad_norm": 0.8302233219146729,
      "learning_rate": 0.000475,
      "loss": 0.562,
      "step": 20
    },
    {
      "epoch": 5.0,
      "eval_accuracy": 0.8613828154407536,
      "eval_loss": 0.4662008583545685,
      "eval_mean_dice": 0.8030513881502508,
      "eval_mean_iou": 0.4306914077203768,
      "eval_runtime": 18.09,
      "eval_samples_per_second": 11.056,
      "eval_steps_per_second": 0.111,
      "step": 20
    },
    {
      "epoch": 6.0,
      "grad_norm": 1.5099148750305176,
      "learning_rate": 0.0004996573836886434,
      "loss": 0.5184,
      "step": 24
    },
    {
      "epoch": 6.0,
      "eval_accuracy": 0.828008452004338,
      "eval_loss": 0.5360178351402283,
      "eval_mean_dice": 0.7808478701667226,
      "eval_mean_iou": 0.414004226002169,
      "eval_runtime": 17.6307,
      "eval_samples_per_second": 11.344,
      "eval_steps_per_second": 0.113,
      "step": 24
    },
    {
      "epoch": 7.0,
      "grad_norm": 1.5332103967666626,
      "learning_rate": 0.0004981365379103306,
      "loss": 0.4941,
      "step": 28
    },
    {
      "epoch": 7.0,
      "eval_accuracy": 0.9772512450121271,
      "eval_loss": 0.38801079988479614,
      "eval_mean_dice": 0.8480230516939284,
      "eval_mean_iou": 0.48862562250606356,
      "eval_runtime": 18.0303,
      "eval_samples_per_second": 11.092,
      "eval_steps_per_second": 0.111,
      "step": 28
    },
    {
      "epoch": 8.0,
      "grad_norm": 0.7662270665168762,
      "learning_rate": 0.000495406795861916,
      "loss": 0.4699,
      "step": 32
    },
    {
      "epoch": 8.0,
      "eval_accuracy": 0.9705789594581783,
      "eval_loss": 0.3821824789047241,
      "eval_mean_dice": 0.8659115307093097,
      "eval_mean_iou": 0.48528947972908915,
      "eval_runtime": 18.0655,
      "eval_samples_per_second": 11.071,
      "eval_steps_per_second": 0.111,
      "step": 32
    },
    {
      "epoch": 9.0,
      "grad_norm": 0.7634281516075134,
      "learning_rate": 0.0004914814565722671,
      "loss": 0.4313,
      "step": 36
    },
    {
      "epoch": 9.0,
      "eval_accuracy": 0.9690941280842092,
      "eval_loss": 0.371875524520874,
      "eval_mean_dice": 0.8760667285674498,
      "eval_mean_iou": 0.4845470640421046,
      "eval_runtime": 18.0372,
      "eval_samples_per_second": 11.088,
      "eval_steps_per_second": 0.111,
      "step": 36
    },
    {
      "epoch": 10.0,
      "grad_norm": 1.4028077125549316,
      "learning_rate": 0.00048637964389982923,
      "loss": 0.4197,
      "step": 40
    },
    {
      "epoch": 10.0,
      "eval_accuracy": 0.9666146927606308,
      "eval_loss": 0.3807191550731659,
      "eval_mean_dice": 0.8781200144817844,
      "eval_mean_iou": 0.4833073463803154,
      "eval_runtime": 18.0785,
      "eval_samples_per_second": 11.063,
      "eval_steps_per_second": 0.111,
      "step": 40
    },
    {
      "epoch": 11.0,
      "grad_norm": 0.8683789968490601,
      "learning_rate": 0.00048012621336311016,
      "loss": 0.3899,
      "step": 44
    },
    {
      "epoch": 11.0,
      "eval_accuracy": 0.9503857198298985,
      "eval_loss": 0.3774523437023163,
      "eval_mean_dice": 0.8802818119971676,
      "eval_mean_iou": 0.47519285991494925,
      "eval_runtime": 18.0785,
      "eval_samples_per_second": 11.063,
      "eval_steps_per_second": 0.111,
      "step": 44
    },
    {
      "epoch": 12.0,
      "grad_norm": 0.9224457144737244,
      "learning_rate": 0.00047275163104709196,
      "loss": 0.3844,
      "step": 48
    },
    {
      "epoch": 12.0,
      "eval_accuracy": 0.9321959974666241,
      "eval_loss": 0.3918820321559906,
      "eval_mean_dice": 0.873353147518727,
      "eval_mean_iou": 0.46609799873331204,
      "eval_runtime": 18.2215,
      "eval_samples_per_second": 10.976,
      "eval_steps_per_second": 0.11,
      "step": 48
    },
    {
      "epoch": 13.0,
      "grad_norm": 1.2149311304092407,
      "learning_rate": 0.0004642918251755281,
      "loss": 0.3815,
      "step": 52
    },
    {
      "epoch": 13.0,
      "eval_accuracy": 0.8995558304174852,
      "eval_loss": 0.4517618417739868,
      "eval_mean_dice": 0.848889604480876,
      "eval_mean_iou": 0.4497779152087426,
      "eval_runtime": 17.9938,
      "eval_samples_per_second": 11.115,
      "eval_steps_per_second": 0.111,
      "step": 52
    },
    {
      "epoch": 14.0,
      "grad_norm": 2.0371670722961426,
      "learning_rate": 0.00045478801107224796,
      "loss": 0.3867,
      "step": 56
    },
    {
      "epoch": 14.0,
      "eval_accuracy": 0.9625545876547904,
      "eval_loss": 0.314485639333725,
      "eval_mean_dice": 0.8871074849472791,
      "eval_mean_iou": 0.4812772938273952,
      "eval_runtime": 18.0717,
      "eval_samples_per_second": 11.067,
      "eval_steps_per_second": 0.111,
      "step": 56
    },
    {
      "epoch": 15.0,
      "grad_norm": 0.4576318562030792,
      "learning_rate": 0.0004442864903642427,
      "loss": 0.3579,
      "step": 60
    },
    {
      "epoch": 15.0,
      "eval_accuracy": 0.9731946657340166,
      "eval_loss": 0.29459109902381897,
      "eval_mean_dice": 0.8817445713111267,
      "eval_mean_iou": 0.4865973328670083,
      "eval_runtime": 18.1142,
      "eval_samples_per_second": 11.041,
      "eval_steps_per_second": 0.11,
      "step": 60
    },
    {
      "epoch": 16.0,
      "grad_norm": 2.259550094604492,
      "learning_rate": 0.0004328384254047926,
      "loss": 0.3667,
      "step": 64
    },
    {
      "epoch": 16.0,
      "eval_accuracy": 0.9341958744289733,
      "eval_loss": 0.38813549280166626,
      "eval_mean_dice": 0.877602527201908,
      "eval_mean_iou": 0.46709793721448667,
      "eval_runtime": 18.0478,
      "eval_samples_per_second": 11.082,
      "eval_steps_per_second": 0.111,
      "step": 64
    },
    {
      "epoch": 17.0,
      "grad_norm": 0.9913834929466248,
      "learning_rate": 0.00042049959001562464,
      "loss": 0.3531,
      "step": 68
    },
    {
      "epoch": 17.0,
      "eval_accuracy": 0.9506998848176187,
      "eval_loss": 0.3269311487674713,
      "eval_mean_dice": 0.8892953042065868,
      "eval_mean_iou": 0.47534994240880935,
      "eval_runtime": 18.0365,
      "eval_samples_per_second": 11.089,
      "eval_steps_per_second": 0.111,
      "step": 68
    },
    {
      "epoch": 18.0,
      "grad_norm": 0.9975305795669556,
      "learning_rate": 0.0004073300977624594,
      "loss": 0.3496,
      "step": 72
    },
    {
      "epoch": 18.0,
      "eval_accuracy": 0.9695297967586974,
      "eval_loss": 0.2739107012748718,
      "eval_mean_dice": 0.8924534024286239,
      "eval_mean_iou": 0.4847648983793487,
      "eval_runtime": 18.131,
      "eval_samples_per_second": 11.031,
      "eval_steps_per_second": 0.11,
      "step": 72
    },
    {
      "epoch": 19.0,
      "grad_norm": 0.6761747002601624,
      "learning_rate": 0.00039339410908776154,
      "loss": 0.341,
      "step": 76
    },
    {
      "epoch": 19.0,
      "eval_accuracy": 0.9161500470480499,
      "eval_loss": 0.4041909873485565,
      "eval_mean_dice": 0.8698095944464403,
      "eval_mean_iou": 0.45807502352402496,
      "eval_runtime": 18.2582,
      "eval_samples_per_second": 10.954,
      "eval_steps_per_second": 0.11,
      "step": 76
    },
    {
      "epoch": 20.0,
      "grad_norm": 0.9753857254981995,
      "learning_rate": 0.0003787595187275136,
      "loss": 0.3403,
      "step": 80
    },
    {
      "epoch": 20.0,
      "eval_accuracy": 0.9658083542748039,
      "eval_loss": 0.2783147096633911,
      "eval_mean_dice": 0.893562707911653,
      "eval_mean_iou": 0.48290417713740197,
      "eval_runtime": 18.059,
      "eval_samples_per_second": 11.075,
      "eval_steps_per_second": 0.111,
      "step": 80
    },
    {
      "epoch": 21.0,
      "grad_norm": 1.3855750560760498,
      "learning_rate": 0.00036349762493488667,
      "loss": 0.3372,
      "step": 84
    },
    {
      "epoch": 21.0,
      "eval_accuracy": 0.934151687107424,
      "eval_loss": 0.3446577489376068,
      "eval_mean_dice": 0.881855886384729,
      "eval_mean_iou": 0.467075843553712,
      "eval_runtime": 18.0108,
      "eval_samples_per_second": 11.104,
      "eval_steps_per_second": 0.111,
      "step": 84
    },
    {
      "epoch": 22.0,
      "grad_norm": 0.6872304677963257,
      "learning_rate": 0.0003476827821223184,
      "loss": 0.3292,
      "step": 88
    },
    {
      "epoch": 22.0,
      "eval_accuracy": 0.9563454676526255,
      "eval_loss": 0.31796151399612427,
      "eval_mean_dice": 0.8943772655615145,
      "eval_mean_iou": 0.47817273382631276,
      "eval_runtime": 18.1169,
      "eval_samples_per_second": 11.039,
      "eval_steps_per_second": 0.11,
      "step": 88
    },
    {
      "epoch": 23.0,
      "grad_norm": 0.5626506805419922,
      "learning_rate": 0.0003313920386142892,
      "loss": 0.3351,
      "step": 92
    },
    {
      "epoch": 23.0,
      "eval_accuracy": 0.933548610300724,
      "eval_loss": 0.3282322585582733,
      "eval_mean_dice": 0.8844448512850397,
      "eval_mean_iou": 0.466774305150362,
      "eval_runtime": 17.9861,
      "eval_samples_per_second": 11.12,
      "eval_steps_per_second": 0.111,
      "step": 92
    },
    {
      "epoch": 24.0,
      "grad_norm": 0.7842165231704712,
      "learning_rate": 0.00031470476127563017,
      "loss": 0.3229,
      "step": 96
    },
    {
      "epoch": 24.0,
      "eval_accuracy": 0.950999374119788,
      "eval_loss": 0.3080907464027405,
      "eval_mean_dice": 0.8938128921577789,
      "eval_mean_iou": 0.475499687059894,
      "eval_runtime": 18.0209,
      "eval_samples_per_second": 11.098,
      "eval_steps_per_second": 0.111,
      "step": 96
    },
    {
      "epoch": 25.0,
      "grad_norm": 0.764228880405426,
      "learning_rate": 0.0002977022488441362,
      "loss": 0.3366,
      "step": 100
    },
    {
      "epoch": 25.0,
      "eval_accuracy": 0.9438403869692092,
      "eval_loss": 0.3160654306411743,
      "eval_mean_dice": 0.8886039951921494,
      "eval_mean_iou": 0.4719201934846046,
      "eval_runtime": 18.0044,
      "eval_samples_per_second": 11.108,
      "eval_steps_per_second": 0.111,
      "step": 100
    },
    {
      "epoch": 26.0,
      "grad_norm": 0.5475990176200867,
      "learning_rate": 0.00028046733585128684,
      "loss": 0.3209,
      "step": 104
    },
    {
      "epoch": 26.0,
      "eval_accuracy": 0.953260024964234,
      "eval_loss": 0.31223586201667786,
      "eval_mean_dice": 0.893680126178781,
      "eval_mean_iou": 0.476630012482117,
      "eval_runtime": 18.2166,
      "eval_samples_per_second": 10.979,
      "eval_steps_per_second": 0.11,
      "step": 104
    },
    {
      "epoch": 27.0,
      "grad_norm": 0.43693768978118896,
      "learning_rate": 0.000263083989060736,
      "loss": 0.324,
      "step": 108
    },
    {
      "epoch": 27.0,
      "eval_accuracy": 0.94302145624149,
      "eval_loss": 0.3304637670516968,
      "eval_mean_dice": 0.8875164244578846,
      "eval_mean_iou": 0.471510728120745,
      "eval_runtime": 18.0301,
      "eval_samples_per_second": 11.093,
      "eval_steps_per_second": 0.111,
      "step": 108
    },
    {
      "epoch": 28.0,
      "grad_norm": 1.1874711513519287,
      "learning_rate": 0.0002456368983906791,
      "loss": 0.3235,
      "step": 112
    },
    {
      "epoch": 28.0,
      "eval_accuracy": 0.9577175870141659,
      "eval_loss": 0.29758700728416443,
      "eval_mean_dice": 0.8928002311062895,
      "eval_mean_iou": 0.47885879350708294,
      "eval_runtime": 18.0603,
      "eval_samples_per_second": 11.074,
      "eval_steps_per_second": 0.111,
      "step": 112
    }
  ],
  "logging_steps": 500,
  "max_steps": 200,
  "num_input_tokens_seen": 0,
  "num_train_epochs": 50,
  "save_steps": 500,
  "stateful_callbacks": {
    "EarlyStoppingCallback": {
      "args": {
        "early_stopping_patience": 10,
        "early_stopping_threshold": 0.0
      },
      "attributes": {
        "early_stopping_patience_counter": 10
      }
    },
    "TrainerControl": {
      "args": {
        "should_epoch_stop": false,
        "should_evaluate": false,
        "should_log": false,
        "should_save": true,
        "should_training_stop": true
      },
      "attributes": {}
    }
  },
  "total_flos": 4.480415897223168e+17,
  "train_batch_size": 64,
  "trial_name": null,
  "trial_params": null
}
