{
  "best_global_step": 152,
  "best_metric": 0.34172067046165466,
  "best_model_checkpoint": "./outputs/lora_r16_alpha16/checkpoint-152",
  "epoch": 38.0,
  "eval_steps": 500,
  "global_step": 152,
  "is_hyper_param_search": false,
  "is_local_process_zero": true,
  "is_world_process_zero": true,
  "log_history": [
    {
      "epoch": 1.0,
      "grad_norm": 0.069818876683712,
      "learning_rate": 7.5e-05,
      "loss": 0.6161,
      "step": 4
    },
    {
      "epoch": 1.0,
      "eval_accuracy": 0.8174771629982253,
      "eval_loss": 0.6367310285568237,
      "eval_mean_dice": 0.5768414857952652,
      "eval_mean_iou": 0.40873858149911263,
      "eval_runtime": 16.229,
      "eval_samples_per_second": 12.324,
      "eval_steps_per_second": 0.123,
      "step": 4
    },
    {
      "epoch": 2.0,
      "grad_norm": 0.04971117526292801,
      "learning_rate": 0.000175,
      "loss": 0.614,
      "step": 8
    },
    {
      "epoch": 2.0,
      "eval_accuracy": 0.8267497576750373,
      "eval_loss": 0.6277458071708679,
      "eval_mean_dice": 0.5906079372529861,
      "eval_mean_iou": 0.41337487883751867,
      "eval_runtime": 16.4335,
      "eval_samples_per_second": 12.17,
      "eval_steps_per_second": 0.122,
      "step": 8
    },
    {
      "epoch": 3.0,
      "grad_norm": 0.06747288256883621,
      "learning_rate": 0.000275,
      "loss": 0.6137,
      "step": 12
    },
    {
      "epoch": 3.0,
      "eval_accuracy": 0.8193986182484262,
      "eval_loss": 0.6204962730407715,
      "eval_mean_dice": 0.6231474817329636,
      "eval_mean_iou": 0.4096993091242131,
      "eval_runtime": 16.5675,
      "eval_samples_per_second": 12.072,
      "eval_steps_per_second": 0.121,
      "step": 12
    },
    {
      "epoch": 4.0,
      "grad_norm": 0.07357713580131531,
      "learning_rate": 0.000375,
      "loss": 0.6047,
      "step": 16
    },
    {
      "epoch": 4.0,
      "eval_accuracy": 0.8023334373247653,
      "eval_loss": 0.6118106245994568,
      "eval_mean_dice": 0.6624350268826837,
      "eval_mean_iou": 0.4011667186623826,
      "eval_runtime": 16.6455,
      "eval_samples_per_second": 12.015,
      "eval_steps_per_second": 0.12,
      "step": 16
    },
    {
      "epoch": 5.0,
      "grad_norm": 0.10566192865371704,
      "learning_rate": 0.000475,
      "loss": 0.5971,
      "step": 20
    },
    {
      "epoch": 5.0,
      "eval_accuracy": 0.7678137687634847,
      "eval_loss": 0.6019833087921143,
      "eval_mean_dice": 0.6831220281995881,
      "eval_mean_iou": 0.38390688438174236,
      "eval_runtime": 16.5418,
      "eval_samples_per_second": 12.091,
      "eval_steps_per_second": 0.121,
      "step": 20
    },
    {
      "epoch": 6.0,
      "grad_norm": 0.08919884264469147,
      "learning_rate": 0.0004996573836886434,
      "loss": 0.585,
      "step": 24
    },
    {
      "epoch": 6.0,
      "eval_accuracy": 0.7509497387614247,
      "eval_loss": 0.5852429866790771,
      "eval_mean_dice": 0.6943937918924645,
      "eval_mean_iou": 0.37547486938071234,
      "eval_runtime": 16.6064,
      "eval_samples_per_second": 12.044,
      "eval_steps_per_second": 0.12,
      "step": 24
    },
    {
      "epoch": 7.0,
      "grad_norm": 0.10116902738809586,
      "learning_rate": 0.0004981365379103306,
      "loss": 0.5741,
      "step": 28
    },
    {
      "epoch": 7.0,
      "eval_accuracy": 0.8297668163127995,
      "eval_loss": 0.5412798523902893,
      "eval_mean_dice": 0.7526609169487922,
      "eval_mean_iou": 0.41488340815639974,
      "eval_runtime": 16.7399,
      "eval_samples_per_second": 11.947,
      "eval_steps_per_second": 0.119,
      "step": 28
    },
    {
      "epoch": 8.0,
      "grad_norm": 0.1205923855304718,
      "learning_rate": 0.000495406795861916,
      "loss": 0.5527,
      "step": 32
    },
    {
      "epoch": 8.0,
      "eval_accuracy": 0.8702895506302546,
      "eval_loss": 0.5103898048400879,
      "eval_mean_dice": 0.78826097887528,
      "eval_mean_iou": 0.4351447753151273,
      "eval_runtime": 16.6775,
      "eval_samples_per_second": 11.992,
      "eval_steps_per_second": 0.12,
      "step": 32
    },
    {
      "epoch": 9.0,
      "grad_norm": 0.14144836366176605,
      "learning_rate": 0.0004914814565722671,
      "loss": 0.5398,
      "step": 36
    },
    {
      "epoch": 9.0,
      "eval_accuracy": 0.8835702535381633,
      "eval_loss": 0.49531590938568115,
      "eval_mean_dice": 0.8022225528644373,
      "eval_mean_iou": 0.44178512676908166,
      "eval_runtime": 16.8119,
      "eval_samples_per_second": 11.896,
      "eval_steps_per_second": 0.119,
      "step": 36
    },
    {
      "epoch": 10.0,
      "grad_norm": 0.15474574267864227,
      "learning_rate": 0.00048637964389982923,
      "loss": 0.5285,
      "step": 40
    },
    {
      "epoch": 10.0,
      "eval_accuracy": 0.8913889668343327,
      "eval_loss": 0.487436980009079,
      "eval_mean_dice": 0.8113027424923784,
      "eval_mean_iou": 0.44569448341716633,
      "eval_runtime": 16.5981,
      "eval_samples_per_second": 12.05,
      "eval_steps_per_second": 0.12,
      "step": 40
    },
    {
      "epoch": 11.0,
      "grad_norm": 0.19353696703910828,
      "learning_rate": 0.00048012621336311016,
      "loss": 0.5026,
      "step": 44
    },
    {
      "epoch": 11.0,
      "eval_accuracy": 0.8714114178579705,
      "eval_loss": 0.4968268871307373,
      "eval_mean_dice": 0.8038996934739313,
      "eval_mean_iou": 0.43570570892898525,
      "eval_runtime": 16.6659,
      "eval_samples_per_second": 12.001,
      "eval_steps_per_second": 0.12,
      "step": 44
    },
    {
      "epoch": 12.0,
      "grad_norm": 0.17103862762451172,
      "learning_rate": 0.00047275163104709196,
      "loss": 0.4846,
      "step": 48
    },
    {
      "epoch": 12.0,
      "eval_accuracy": 0.9058597955961923,
      "eval_loss": 0.4544544219970703,
      "eval_mean_dice": 0.8309644587632065,
      "eval_mean_iou": 0.45292989779809617,
      "eval_runtime": 16.5733,
      "eval_samples_per_second": 12.068,
      "eval_steps_per_second": 0.121,
      "step": 48
    },
    {
      "epoch": 13.0,
      "grad_norm": 0.10981795191764832,
      "learning_rate": 0.0004642918251755281,
      "loss": 0.4727,
      "step": 52
    },
    {
      "epoch": 13.0,
      "eval_accuracy": 0.9360011771307247,
      "eval_loss": 0.4297104775905609,
      "eval_mean_dice": 0.8493564401027348,
      "eval_mean_iou": 0.46800058856536236,
      "eval_runtime": 16.6279,
      "eval_samples_per_second": 12.028,
      "eval_steps_per_second": 0.12,
      "step": 52
    },
    {
      "epoch": 14.0,
      "grad_norm": 0.2657303214073181,
      "learning_rate": 0.00045478801107224796,
      "loss": 0.4646,
      "step": 56
    },
    {
      "epoch": 14.0,
      "eval_accuracy": 0.913102870263834,
      "eval_loss": 0.44206249713897705,
      "eval_mean_dice": 0.8394745534249473,
      "eval_mean_iou": 0.456551435131917,
      "eval_runtime": 16.7039,
      "eval_samples_per_second": 11.973,
      "eval_steps_per_second": 0.12,
      "step": 56
    },
    {
      "epoch": 15.0,
      "grad_norm": 0.16613538563251495,
      "learning_rate": 0.0004442864903642427,
      "loss": 0.4447,
      "step": 60
    },
    {
      "epoch": 15.0,
      "eval_accuracy": 0.9389440267409666,
      "eval_loss": 0.4133926331996918,
      "eval_mean_dice": 0.8544608215746232,
      "eval_mean_iou": 0.4694720133704833,
      "eval_runtime": 16.7222,
      "eval_samples_per_second": 11.96,
      "eval_steps_per_second": 0.12,
      "step": 60
    },
    {
      "epoch": 16.0,
      "grad_norm": 0.1565035730600357,
      "learning_rate": 0.0004328384254047926,
      "loss": 0.4319,
      "step": 64
    },
    {
      "epoch": 16.0,
      "eval_accuracy": 0.9263347160454828,
      "eval_loss": 0.42361050844192505,
      "eval_mean_dice": 0.849714956909273,
      "eval_mean_iou": 0.4631673580227414,
      "eval_runtime": 16.6047,
      "eval_samples_per_second": 12.045,
      "eval_steps_per_second": 0.12,
      "step": 64
    },
    {
      "epoch": 17.0,
      "grad_norm": 0.2173261195421219,
      "learning_rate": 0.00042049959001562464,
      "loss": 0.4263,
      "step": 68
    },
    {
      "epoch": 17.0,
      "eval_accuracy": 0.9446654173711775,
      "eval_loss": 0.3967334032058716,
      "eval_mean_dice": 0.8608875692664593,
      "eval_mean_iou": 0.47233270868558874,
      "eval_runtime": 16.7104,
      "eval_samples_per_second": 11.969,
      "eval_steps_per_second": 0.12,
      "step": 68
    },
    {
      "epoch": 18.0,
      "grad_norm": 0.17330023646354675,
      "learning_rate": 0.0004073300977624594,
      "loss": 0.4172,
      "step": 72
    },
    {
      "epoch": 18.0,
      "eval_accuracy": 0.9426721241345813,
      "eval_loss": 0.4023626744747162,
      "eval_mean_dice": 0.8616016508466102,
      "eval_mean_iou": 0.4713360620672907,
      "eval_runtime": 16.7046,
      "eval_samples_per_second": 11.973,
      "eval_steps_per_second": 0.12,
      "step": 72
    },
    {
      "epoch": 19.0,
      "grad_norm": 0.29132941365242004,
      "learning_rate": 0.00039339410908776154,
      "loss": 0.4097,
      "step": 76
    },
    {
      "epoch": 19.0,
      "eval_accuracy": 0.9510928766902673,
      "eval_loss": 0.3866414725780487,
      "eval_mean_dice": 0.8669442044562818,
      "eval_mean_iou": 0.47554643834513366,
      "eval_runtime": 16.6216,
      "eval_samples_per_second": 12.033,
      "eval_steps_per_second": 0.12,
      "step": 76
    },
    {
      "epoch": 20.0,
      "grad_norm": 0.14015938341617584,
      "learning_rate": 0.0003787595187275136,
      "loss": 0.4055,
      "step": 80
    },
    {
      "epoch": 20.0,
      "eval_accuracy": 0.9353287361885715,
      "eval_loss": 0.40731772780418396,
      "eval_mean_dice": 0.86179922395339,
      "eval_mean_iou": 0.46766436809428574,
      "eval_runtime": 16.4284,
      "eval_samples_per_second": 12.174,
      "eval_steps_per_second": 0.122,
      "step": 80
    },
    {
      "epoch": 21.0,
      "grad_norm": 0.1327078938484192,
      "learning_rate": 0.00036349762493488667,
      "loss": 0.3976,
      "step": 84
    },
    {
      "epoch": 21.0,
      "eval_accuracy": 0.9396598987729589,
      "eval_loss": 0.38735267519950867,
      "eval_mean_dice": 0.8665888965427846,
      "eval_mean_iou": 0.46982994938647943,
      "eval_runtime": 16.8269,
      "eval_samples_per_second": 11.886,
      "eval_steps_per_second": 0.119,
      "step": 84
    },
    {
      "epoch": 22.0,
      "grad_norm": 0.1491159349679947,
      "learning_rate": 0.0003476827821223184,
      "loss": 0.3931,
      "step": 88
    },
    {
      "epoch": 22.0,
      "eval_accuracy": 0.9470847456606983,
      "eval_loss": 0.3761299252510071,
      "eval_mean_dice": 0.8716633572871288,
      "eval_mean_iou": 0.47354237283034917,
      "eval_runtime": 16.8183,
      "eval_samples_per_second": 11.892,
      "eval_steps_per_second": 0.119,
      "step": 88
    },
    {
      "epoch": 23.0,
      "grad_norm": 0.1036604568362236,
      "learning_rate": 0.0003313920386142892,
      "loss": 0.3864,
      "step": 92
    },
    {
      "epoch": 23.0,
      "eval_accuracy": 0.9428649764122445,
      "eval_loss": 0.37766993045806885,
      "eval_mean_dice": 0.8706184798455745,
      "eval_mean_iou": 0.47143248820612227,
      "eval_runtime": 16.6764,
      "eval_samples_per_second": 11.993,
      "eval_steps_per_second": 0.12,
      "step": 92
    },
    {
      "epoch": 24.0,
      "grad_norm": 0.38701704144477844,
      "learning_rate": 0.00031470476127563017,
      "loss": 0.3785,
      "step": 96
    },
    {
      "epoch": 24.0,
      "eval_accuracy": 0.9402326647939697,
      "eval_loss": 0.37641289830207825,
      "eval_mean_dice": 0.8695805868098109,
      "eval_mean_iou": 0.47011633239698486,
      "eval_runtime": 16.7197,
      "eval_samples_per_second": 11.962,
      "eval_steps_per_second": 0.12,
      "step": 96
    },
    {
      "epoch": 25.0,
      "grad_norm": 0.3169333338737488,
      "learning_rate": 0.0002977022488441362,
      "loss": 0.3798,
      "step": 100
    },
    {
      "epoch": 25.0,
      "eval_accuracy": 0.9523167442833058,
      "eval_loss": 0.35039135813713074,
      "eval_mean_dice": 0.8765738195292382,
      "eval_mean_iou": 0.4761583721416529,
      "eval_runtime": 16.6017,
      "eval_samples_per_second": 12.047,
      "eval_steps_per_second": 0.12,
      "step": 100
    },
    {
      "epoch": 26.0,
      "grad_norm": 0.2644484043121338,
      "learning_rate": 0.00028046733585128684,
      "loss": 0.3775,
      "step": 104
    },
    {
      "epoch": 26.0,
      "eval_accuracy": 0.9533734078800822,
      "eval_loss": 0.3638318181037903,
      "eval_mean_dice": 0.877221657114653,
      "eval_mean_iou": 0.4766867039400411,
      "eval_runtime": 16.7118,
      "eval_samples_per_second": 11.968,
      "eval_steps_per_second": 0.12,
      "step": 104
    },
    {
      "epoch": 27.0,
      "grad_norm": 0.2862786054611206,
      "learning_rate": 0.000263083989060736,
      "loss": 0.3752,
      "step": 108
    },
    {
      "epoch": 27.0,
      "eval_accuracy": 0.9395062826662212,
      "eval_loss": 0.3766721487045288,
      "eval_mean_dice": 0.8702028410980507,
      "eval_mean_iou": 0.4697531413331106,
      "eval_runtime": 16.7155,
      "eval_samples_per_second": 11.965,
      "eval_steps_per_second": 0.12,
      "step": 108
    },
    {
      "epoch": 28.0,
      "grad_norm": 0.17695118486881256,
      "learning_rate": 0.0002456368983906791,
      "loss": 0.3718,
      "step": 112
    },
    {
      "epoch": 28.0,
      "eval_accuracy": 0.95592225429106,
      "eval_loss": 0.3545226752758026,
      "eval_mean_dice": 0.8785867726046706,
      "eval_mean_iou": 0.47796112714553,
      "eval_runtime": 16.6497,
      "eval_samples_per_second": 12.012,
      "eval_steps_per_second": 0.12,
      "step": 112
    },
    {
      "epoch": 29.0,
      "grad_norm": 0.29182109236717224,
      "learning_rate": 0.00022821106431308543,
      "loss": 0.3679,
      "step": 116
    },
    {
      "epoch": 29.0,
      "eval_accuracy": 0.9457678147035008,
      "eval_loss": 0.3742820620536804,
      "eval_mean_dice": 0.8745273369461632,
      "eval_mean_iou": 0.4728839073517504,
      "eval_runtime": 16.6607,
      "eval_samples_per_second": 12.004,
      "eval_steps_per_second": 0.12,
      "step": 116
    },
    {
      "epoch": 30.0,
      "grad_norm": 0.12061716616153717,
      "learning_rate": 0.00021089138373994224,
      "loss": 0.3636,
      "step": 120
    },
    {
      "epoch": 30.0,
      "eval_accuracy": 0.9402307269238195,
      "eval_loss": 0.36848950386047363,
      "eval_mean_dice": 0.8716795870662324,
      "eval_mean_iou": 0.47011536346190974,
      "eval_runtime": 16.6853,
      "eval_samples_per_second": 11.987,
      "eval_steps_per_second": 0.12,
      "step": 120
    },
    {
      "epoch": 31.0,
      "grad_norm": 0.15145817399024963,
      "learning_rate": 0.0001937622364140338,
      "loss": 0.3634,
      "step": 124
    },
    {
      "epoch": 31.0,
      "eval_accuracy": 0.9515712342372502,
      "eval_loss": 0.34643036127090454,
      "eval_mean_dice": 0.8786560425605363,
      "eval_mean_iou": 0.4757856171186251,
      "eval_runtime": 16.6734,
      "eval_samples_per_second": 11.995,
      "eval_steps_per_second": 0.12,
      "step": 124
    },
    {
      "epoch": 32.0,
      "grad_norm": 0.23587608337402344,
      "learning_rate": 0.00017690707381931583,
      "loss": 0.3567,
      "step": 128
    },
    {
      "epoch": 32.0,
      "eval_accuracy": 0.9490678479801511,
      "eval_loss": 0.3549070358276367,
      "eval_mean_dice": 0.877503467960579,
      "eval_mean_iou": 0.47453392399007555,
      "eval_runtime": 16.5788,
      "eval_samples_per_second": 12.064,
      "eval_steps_per_second": 0.121,
      "step": 128
    },
    {
      "epoch": 33.0,
      "grad_norm": 0.18026836216449738,
      "learning_rate": 0.00016040801261367493,
      "loss": 0.356,
      "step": 132
    },
    {
      "epoch": 33.0,
      "eval_accuracy": 0.9383541846641608,
      "eval_loss": 0.36607009172439575,
      "eval_mean_dice": 0.8710943016154793,
      "eval_mean_iou": 0.4691770923320804,
      "eval_runtime": 16.7041,
      "eval_samples_per_second": 11.973,
      "eval_steps_per_second": 0.12,
      "step": 132
    },
    {
      "epoch": 34.0,
      "grad_norm": 0.3769361674785614,
      "learning_rate": 0.0001443454345648252,
      "loss": 0.357,
      "step": 136
    },
    {
      "epoch": 34.0,
      "eval_accuracy": 0.9521507030091338,
      "eval_loss": 0.3446086049079895,
      "eval_mean_dice": 0.8796323027699444,
      "eval_mean_iou": 0.4760753515045669,
      "eval_runtime": 16.6618,
      "eval_samples_per_second": 12.004,
      "eval_steps_per_second": 0.12,
      "step": 136
    },
    {
      "epoch": 35.0,
      "grad_norm": 0.5131092071533203,
      "learning_rate": 0.00012879759493841575,
      "loss": 0.36,
      "step": 140
    },
    {
      "epoch": 35.0,
      "eval_accuracy": 0.9527311749138012,
      "eval_loss": 0.35516661405563354,
      "eval_mean_dice": 0.8796896223880025,
      "eval_mean_iou": 0.4763655874569006,
      "eval_runtime": 16.6784,
      "eval_samples_per_second": 11.992,
      "eval_steps_per_second": 0.12,
      "step": 140
    },
    {
      "epoch": 36.0,
      "grad_norm": 0.16922546923160553,
      "learning_rate": 0.00011384024124624323,
      "loss": 0.3606,
      "step": 144
    },
    {
      "epoch": 36.0,
      "eval_accuracy": 0.9335897371126392,
      "eval_loss": 0.37590909004211426,
      "eval_mean_dice": 0.8685259669046903,
      "eval_mean_iou": 0.4667948685563196,
      "eval_runtime": 16.7332,
      "eval_samples_per_second": 11.952,
      "eval_steps_per_second": 0.12,
      "step": 144
    },
    {
      "epoch": 37.0,
      "grad_norm": 0.22795036435127258,
      "learning_rate": 9.954624421198791e-05,
      "loss": 0.351,
      "step": 148
    },
    {
      "epoch": 37.0,
      "eval_accuracy": 0.9451105119469922,
      "eval_loss": 0.3499278128147125,
      "eval_mean_dice": 0.8764461458943666,
      "eval_mean_iou": 0.4725552559734961,
      "eval_runtime": 16.7689,
      "eval_samples_per_second": 11.927,
      "eval_steps_per_second": 0.119,
      "step": 148
    },
    {
      "epoch": 38.0,
      "grad_norm": 0.13252727687358856,
      "learning_rate": 8.598524275237321e-05,
      "loss": 0.3552,
      "step": 152
    },
    {
      "epoch": 38.0,
      "eval_accuracy": 0.9543700886960887,
      "eval_loss": 0.34172067046165466,
      "eval_mean_dice": 0.88113477460779,
      "eval_mean_iou": 0.4771850443480444,
      "eval_runtime": 16.7192,
      "eval_samples_per_second": 11.962,
      "eval_steps_per_second": 0.12,
      "step": 152
    }
  ],
  "logging_steps": 500,
  "max_steps": 200,
  "num_input_tokens_seen": 0,
  "num_train_epochs": 50,
  "save_steps": 500,
  "stateful_callbacks": {
    "EarlyStoppingCallback": {
      "args": {
        "early_stopping_patience": 10,
        "early_stopping_threshold": 0.0
      },
      "attributes": {
        "early_stopping_patience_counter": 0
      }
    },
    "TrainerControl": {
      "args": {
        "should_epoch_stop": false,
        "should_evaluate": false,
        "should_log": false,
        "should_save": true,
        "should_training_stop": false
      },
      "attributes": {}
    }
  },
  "total_flos": 5.51651496689664e+17,
  "train_batch_size": 64,
  "trial_name": null,
  "trial_params": null
}
