{
  "best_global_step": 72,
  "best_metric": 0.2739107012748718,
  "best_model_checkpoint": "./outputs/lora_r64_alpha256/checkpoint-72",
  "epoch": 18.0,
  "eval_steps": 500,
  "global_step": 72,
  "is_hyper_param_search": false,
  "is_local_process_zero": true,
  "is_world_process_zero": true,
  "log_history": [
    {
      "epoch": 1.0,
      "grad_norm": 0.7610753178596497,
      "learning_rate": 7.5e-05,
      "loss": 0.6927,
      "step": 4
    },
    {
      "epoch": 1.0,
      "eval_accuracy": 0.7503699314480641,
      "eval_loss": 0.6504698991775513,
      "eval_mean_dice": 0.5151217833020696,
      "eval_mean_iou": 0.37518496572403204,
      "eval_runtime": 17.4616,
      "eval_samples_per_second": 11.454,
      "eval_steps_per_second": 0.115,
      "step": 4
    },
    {
      "epoch": 2.0,
      "grad_norm": 0.6908905506134033,
      "learning_rate": 0.000175,
      "loss": 0.6735,
      "step": 8
    },
    {
      "epoch": 2.0,
      "eval_accuracy": 0.6847712654747492,
      "eval_loss": 0.6373661756515503,
      "eval_mean_dice": 0.6163193896334398,
      "eval_mean_iou": 0.3423856327373746,
      "eval_runtime": 17.3854,
      "eval_samples_per_second": 11.504,
      "eval_steps_per_second": 0.115,
      "step": 8
    },
    {
      "epoch": 3.0,
      "grad_norm": 0.602441668510437,
      "learning_rate": 0.000275,
      "loss": 0.645,
      "step": 12
    },
    {
      "epoch": 3.0,
      "eval_accuracy": 0.7697494604052637,
      "eval_loss": 0.5929901599884033,
      "eval_mean_dice": 0.7181674996295464,
      "eval_mean_iou": 0.38487473020263185,
      "eval_runtime": 17.9753,
      "eval_samples_per_second": 11.126,
      "eval_steps_per_second": 0.111,
      "step": 12
    },
    {
      "epoch": 4.0,
      "grad_norm": 0.8996304273605347,
      "learning_rate": 0.000375,
      "loss": 0.6126,
      "step": 16
    },
    {
      "epoch": 4.0,
      "eval_accuracy": 0.82024821964588,
      "eval_loss": 0.5403005480766296,
      "eval_mean_dice": 0.7627929507077658,
      "eval_mean_iou": 0.41012410982294,
      "eval_runtime": 18.1698,
      "eval_samples_per_second": 11.007,
      "eval_steps_per_second": 0.11,
      "step": 16
    },
    {
      "epoch": 5.0,
      "grad_norm": 0.8302233219146729,
      "learning_rate": 0.000475,
      "loss": 0.562,
      "step": 20
    },
    {
      "epoch": 5.0,
      "eval_accuracy": 0.8613828154407536,
      "eval_loss": 0.4662008583545685,
      "eval_mean_dice": 0.8030513881502508,
      "eval_mean_iou": 0.4306914077203768,
      "eval_runtime": 18.09,
      "eval_samples_per_second": 11.056,
      "eval_steps_per_second": 0.111,
      "step": 20
    },
    {
      "epoch": 6.0,
      "grad_norm": 1.5099148750305176,
      "learning_rate": 0.0004996573836886434,
      "loss": 0.5184,
      "step": 24
    },
    {
      "epoch": 6.0,
      "eval_accuracy": 0.828008452004338,
      "eval_loss": 0.5360178351402283,
      "eval_mean_dice": 0.7808478701667226,
      "eval_mean_iou": 0.414004226002169,
      "eval_runtime": 17.6307,
      "eval_samples_per_second": 11.344,
      "eval_steps_per_second": 0.113,
      "step": 24
    },
    {
      "epoch": 7.0,
      "grad_norm": 1.5332103967666626,
      "learning_rate": 0.0004981365379103306,
      "loss": 0.4941,
      "step": 28
    },
    {
      "epoch": 7.0,
      "eval_accuracy": 0.9772512450121271,
      "eval_loss": 0.38801079988479614,
      "eval_mean_dice": 0.8480230516939284,
      "eval_mean_iou": 0.48862562250606356,
      "eval_runtime": 18.0303,
      "eval_samples_per_second": 11.092,
      "eval_steps_per_second": 0.111,
      "step": 28
    },
    {
      "epoch": 8.0,
      "grad_norm": 0.7662270665168762,
      "learning_rate": 0.000495406795861916,
      "loss": 0.4699,
      "step": 32
    },
    {
      "epoch": 8.0,
      "eval_accuracy": 0.9705789594581783,
      "eval_loss": 0.3821824789047241,
      "eval_mean_dice": 0.8659115307093097,
      "eval_mean_iou": 0.48528947972908915,
      "eval_runtime": 18.0655,
      "eval_samples_per_second": 11.071,
      "eval_steps_per_second": 0.111,
      "step": 32
    },
    {
      "epoch": 9.0,
      "grad_norm": 0.7634281516075134,
      "learning_rate": 0.0004914814565722671,
      "loss": 0.4313,
      "step": 36
    },
    {
      "epoch": 9.0,
      "eval_accuracy": 0.9690941280842092,
      "eval_loss": 0.371875524520874,
      "eval_mean_dice": 0.8760667285674498,
      "eval_mean_iou": 0.4845470640421046,
      "eval_runtime": 18.0372,
      "eval_samples_per_second": 11.088,
      "eval_steps_per_second": 0.111,
      "step": 36
    },
    {
      "epoch": 10.0,
      "grad_norm": 1.4028077125549316,
      "learning_rate": 0.00048637964389982923,
      "loss": 0.4197,
      "step": 40
    },
    {
      "epoch": 10.0,
      "eval_accuracy": 0.9666146927606308,
      "eval_loss": 0.3807191550731659,
      "eval_mean_dice": 0.8781200144817844,
      "eval_mean_iou": 0.4833073463803154,
      "eval_runtime": 18.0785,
      "eval_samples_per_second": 11.063,
      "eval_steps_per_second": 0.111,
      "step": 40
    },
    {
      "epoch": 11.0,
      "grad_norm": 0.8683789968490601,
      "learning_rate": 0.00048012621336311016,
      "loss": 0.3899,
      "step": 44
    },
    {
      "epoch": 11.0,
      "eval_accuracy": 0.9503857198298985,
      "eval_loss": 0.3774523437023163,
      "eval_mean_dice": 0.8802818119971676,
      "eval_mean_iou": 0.47519285991494925,
      "eval_runtime": 18.0785,
      "eval_samples_per_second": 11.063,
      "eval_steps_per_second": 0.111,
      "step": 44
    },
    {
      "epoch": 12.0,
      "grad_norm": 0.9224457144737244,
      "learning_rate": 0.00047275163104709196,
      "loss": 0.3844,
      "step": 48
    },
    {
      "epoch": 12.0,
      "eval_accuracy": 0.9321959974666241,
      "eval_loss": 0.3918820321559906,
      "eval_mean_dice": 0.873353147518727,
      "eval_mean_iou": 0.46609799873331204,
      "eval_runtime": 18.2215,
      "eval_samples_per_second": 10.976,
      "eval_steps_per_second": 0.11,
      "step": 48
    },
    {
      "epoch": 13.0,
      "grad_norm": 1.2149311304092407,
      "learning_rate": 0.0004642918251755281,
      "loss": 0.3815,
      "step": 52
    },
    {
      "epoch": 13.0,
      "eval_accuracy": 0.8995558304174852,
      "eval_loss": 0.4517618417739868,
      "eval_mean_dice": 0.848889604480876,
      "eval_mean_iou": 0.4497779152087426,
      "eval_runtime": 17.9938,
      "eval_samples_per_second": 11.115,
      "eval_steps_per_second": 0.111,
      "step": 52
    },
    {
      "epoch": 14.0,
      "grad_norm": 2.0371670722961426,
      "learning_rate": 0.00045478801107224796,
      "loss": 0.3867,
      "step": 56
    },
    {
      "epoch": 14.0,
      "eval_accuracy": 0.9625545876547904,
      "eval_loss": 0.314485639333725,
      "eval_mean_dice": 0.8871074849472791,
      "eval_mean_iou": 0.4812772938273952,
      "eval_runtime": 18.0717,
      "eval_samples_per_second": 11.067,
      "eval_steps_per_second": 0.111,
      "step": 56
    },
    {
      "epoch": 15.0,
      "grad_norm": 0.4576318562030792,
      "learning_rate": 0.0004442864903642427,
      "loss": 0.3579,
      "step": 60
    },
    {
      "epoch": 15.0,
      "eval_accuracy": 0.9731946657340166,
      "eval_loss": 0.29459109902381897,
      "eval_mean_dice": 0.8817445713111267,
      "eval_mean_iou": 0.4865973328670083,
      "eval_runtime": 18.1142,
      "eval_samples_per_second": 11.041,
      "eval_steps_per_second": 0.11,
      "step": 60
    },
    {
      "epoch": 16.0,
      "grad_norm": 2.259550094604492,
      "learning_rate": 0.0004328384254047926,
      "loss": 0.3667,
      "step": 64
    },
    {
      "epoch": 16.0,
      "eval_accuracy": 0.9341958744289733,
      "eval_loss": 0.38813549280166626,
      "eval_mean_dice": 0.877602527201908,
      "eval_mean_iou": 0.46709793721448667,
      "eval_runtime": 18.0478,
      "eval_samples_per_second": 11.082,
      "eval_steps_per_second": 0.111,
      "step": 64
    },
    {
      "epoch": 17.0,
      "grad_norm": 0.9913834929466248,
      "learning_rate": 0.00042049959001562464,
      "loss": 0.3531,
      "step": 68
    },
    {
      "epoch": 17.0,
      "eval_accuracy": 0.9506998848176187,
      "eval_loss": 0.3269311487674713,
      "eval_mean_dice": 0.8892953042065868,
      "eval_mean_iou": 0.47534994240880935,
      "eval_runtime": 18.0365,
      "eval_samples_per_second": 11.089,
      "eval_steps_per_second": 0.111,
      "step": 68
    },
    {
      "epoch": 18.0,
      "grad_norm": 0.9975305795669556,
      "learning_rate": 0.0004073300977624594,
      "loss": 0.3496,
      "step": 72
    },
    {
      "epoch": 18.0,
      "eval_accuracy": 0.9695297967586974,
      "eval_loss": 0.2739107012748718,
      "eval_mean_dice": 0.8924534024286239,
      "eval_mean_iou": 0.4847648983793487,
      "eval_runtime": 18.131,
      "eval_samples_per_second": 11.031,
      "eval_steps_per_second": 0.11,
      "step": 72
    }
  ],
  "logging_steps": 500,
  "max_steps": 200,
  "num_input_tokens_seen": 0,
  "num_train_epochs": 50,
  "save_steps": 500,
  "stateful_callbacks": {
    "EarlyStoppingCallback": {
      "args": {
        "early_stopping_patience": 10,
        "early_stopping_threshold": 0.0
      },
      "attributes": {
        "early_stopping_patience_counter": 0
      }
    },
    "TrainerControl": {
      "args": {
        "should_epoch_stop": false,
        "should_evaluate": false,
        "should_log": false,
        "should_save": true,
        "should_training_stop": false
      },
      "attributes": {}
    }
  },
  "total_flos": 2.880267362500608e+17,
  "train_batch_size": 64,
  "trial_name": null,
  "trial_params": null
}
