{
  "best_global_step": 100,
  "best_metric": 0.2928001582622528,
  "best_model_checkpoint": "./outputs/lora_r64_alpha128/checkpoint-100",
  "epoch": 35.0,
  "eval_steps": 500,
  "global_step": 140,
  "is_hyper_param_search": false,
  "is_local_process_zero": true,
  "is_world_process_zero": true,
  "log_history": [
    {
      "epoch": 1.0,
      "grad_norm": 0.25480741262435913,
      "learning_rate": 7.5e-05,
      "loss": 0.679,
      "step": 4
    },
    {
      "epoch": 1.0,
      "eval_accuracy": 0.6388909192998512,
      "eval_loss": 0.6739360094070435,
      "eval_mean_dice": 0.4279400689300034,
      "eval_mean_iou": 0.3194454596499256,
      "eval_runtime": 17.8537,
      "eval_samples_per_second": 11.202,
      "eval_steps_per_second": 0.112,
      "step": 4
    },
    {
      "epoch": 2.0,
      "grad_norm": 0.2908182442188263,
      "learning_rate": 0.000175,
      "loss": 0.6682,
      "step": 8
    },
    {
      "epoch": 2.0,
      "eval_accuracy": 0.7777044801275781,
      "eval_loss": 0.6383580565452576,
      "eval_mean_dice": 0.5552776442290235,
      "eval_mean_iou": 0.38885224006378905,
      "eval_runtime": 17.2815,
      "eval_samples_per_second": 11.573,
      "eval_steps_per_second": 0.116,
      "step": 8
    },
    {
      "epoch": 3.0,
      "grad_norm": 0.2872386574745178,
      "learning_rate": 0.000275,
      "loss": 0.6479,
      "step": 12
    },
    {
      "epoch": 3.0,
      "eval_accuracy": 0.816118143630893,
      "eval_loss": 0.6014994978904724,
      "eval_mean_dice": 0.6844601658314964,
      "eval_mean_iou": 0.4080590718154465,
      "eval_runtime": 17.7365,
      "eval_samples_per_second": 11.276,
      "eval_steps_per_second": 0.113,
      "step": 12
    },
    {
      "epoch": 4.0,
      "grad_norm": 0.4355049431324005,
      "learning_rate": 0.000375,
      "loss": 0.6222,
      "step": 16
    },
    {
      "epoch": 4.0,
      "eval_accuracy": 0.906751102472334,
      "eval_loss": 0.5282984375953674,
      "eval_mean_dice": 0.774142316125224,
      "eval_mean_iou": 0.453375551236167,
      "eval_runtime": 18.071,
      "eval_samples_per_second": 11.067,
      "eval_steps_per_second": 0.111,
      "step": 16
    },
    {
      "epoch": 5.0,
      "grad_norm": 0.42926591634750366,
      "learning_rate": 0.000475,
      "loss": 0.5968,
      "step": 20
    },
    {
      "epoch": 5.0,
      "eval_accuracy": 0.7982560512660127,
      "eval_loss": 0.5619542002677917,
      "eval_mean_dice": 0.7301040616883043,
      "eval_mean_iou": 0.39912802563300637,
      "eval_runtime": 17.727,
      "eval_samples_per_second": 11.282,
      "eval_steps_per_second": 0.113,
      "step": 20
    },
    {
      "epoch": 6.0,
      "grad_norm": 0.4497538208961487,
      "learning_rate": 0.0004996573836886434,
      "loss": 0.5503,
      "step": 24
    },
    {
      "epoch": 6.0,
      "eval_accuracy": 0.9315524579610863,
      "eval_loss": 0.4535278379917145,
      "eval_mean_dice": 0.8331557261490006,
      "eval_mean_iou": 0.46577622898054316,
      "eval_runtime": 17.9736,
      "eval_samples_per_second": 11.127,
      "eval_steps_per_second": 0.111,
      "step": 24
    },
    {
      "epoch": 7.0,
      "grad_norm": 0.8604843020439148,
      "learning_rate": 0.0004981365379103306,
      "loss": 0.5169,
      "step": 28
    },
    {
      "epoch": 7.0,
      "eval_accuracy": 0.9305746842780221,
      "eval_loss": 0.4303799569606781,
      "eval_mean_dice": 0.8424658603640962,
      "eval_mean_iou": 0.4652873421390111,
      "eval_runtime": 17.569,
      "eval_samples_per_second": 11.384,
      "eval_steps_per_second": 0.114,
      "step": 28
    },
    {
      "epoch": 8.0,
      "grad_norm": 0.8411346673965454,
      "learning_rate": 0.000495406795861916,
      "loss": 0.4847,
      "step": 32
    },
    {
      "epoch": 8.0,
      "eval_accuracy": 0.9262630042441514,
      "eval_loss": 0.4319433867931366,
      "eval_mean_dice": 0.8447533046285132,
      "eval_mean_iou": 0.4631315021220757,
      "eval_runtime": 17.4887,
      "eval_samples_per_second": 11.436,
      "eval_steps_per_second": 0.114,
      "step": 32
    },
    {
      "epoch": 9.0,
      "grad_norm": 0.40580886602401733,
      "learning_rate": 0.0004914814565722671,
      "loss": 0.4588,
      "step": 36
    },
    {
      "epoch": 9.0,
      "eval_accuracy": 0.9719192419853828,
      "eval_loss": 0.3936363160610199,
      "eval_mean_dice": 0.8596735391968995,
      "eval_mean_iou": 0.4859596209926914,
      "eval_runtime": 18.0898,
      "eval_samples_per_second": 11.056,
      "eval_steps_per_second": 0.111,
      "step": 36
    },
    {
      "epoch": 10.0,
      "grad_norm": 0.6127830147743225,
      "learning_rate": 0.00048637964389982923,
      "loss": 0.4351,
      "step": 40
    },
    {
      "epoch": 10.0,
      "eval_accuracy": 0.936957710041388,
      "eval_loss": 0.4286196827888489,
      "eval_mean_dice": 0.8597350794805267,
      "eval_mean_iou": 0.468478855020694,
      "eval_runtime": 18.1944,
      "eval_samples_per_second": 10.992,
      "eval_steps_per_second": 0.11,
      "step": 40
    },
    {
      "epoch": 11.0,
      "grad_norm": 0.4424712061882019,
      "learning_rate": 0.00048012621336311016,
      "loss": 0.4192,
      "step": 44
    },
    {
      "epoch": 11.0,
      "eval_accuracy": 0.9169846186331968,
      "eval_loss": 0.43988335132598877,
      "eval_mean_dice": 0.8485715696907998,
      "eval_mean_iou": 0.4584923093165984,
      "eval_runtime": 18.0148,
      "eval_samples_per_second": 11.102,
      "eval_steps_per_second": 0.111,
      "step": 44
    },
    {
      "epoch": 12.0,
      "grad_norm": 0.9155469536781311,
      "learning_rate": 0.00047275163104709196,
      "loss": 0.4114,
      "step": 48
    },
    {
      "epoch": 12.0,
      "eval_accuracy": 0.9116206897142889,
      "eval_loss": 0.43373003602027893,
      "eval_mean_dice": 0.8474036911787484,
      "eval_mean_iou": 0.45581034485714444,
      "eval_runtime": 17.8277,
      "eval_samples_per_second": 11.219,
      "eval_steps_per_second": 0.112,
      "step": 48
    },
    {
      "epoch": 13.0,
      "grad_norm": 0.5323098301887512,
      "learning_rate": 0.0004642918251755281,
      "loss": 0.3944,
      "step": 52
    },
    {
      "epoch": 13.0,
      "eval_accuracy": 0.9705733448376184,
      "eval_loss": 0.35135966539382935,
      "eval_mean_dice": 0.8825073039975257,
      "eval_mean_iou": 0.4852866724188092,
      "eval_runtime": 18.0252,
      "eval_samples_per_second": 11.096,
      "eval_steps_per_second": 0.111,
      "step": 52
    },
    {
      "epoch": 14.0,
      "grad_norm": 0.5125300288200378,
      "learning_rate": 0.00045478801107224796,
      "loss": 0.3911,
      "step": 56
    },
    {
      "epoch": 14.0,
      "eval_accuracy": 0.9485707206832821,
      "eval_loss": 0.35931265354156494,
      "eval_mean_dice": 0.8790135062866165,
      "eval_mean_iou": 0.47428536034164104,
      "eval_runtime": 17.7884,
      "eval_samples_per_second": 11.243,
      "eval_steps_per_second": 0.112,
      "step": 56
    },
    {
      "epoch": 15.0,
      "grad_norm": 0.2958066165447235,
      "learning_rate": 0.0004442864903642427,
      "loss": 0.3782,
      "step": 60
    },
    {
      "epoch": 15.0,
      "eval_accuracy": 0.9314400660867783,
      "eval_loss": 0.39728081226348877,
      "eval_mean_dice": 0.8679232084502764,
      "eval_mean_iou": 0.46572003304338916,
      "eval_runtime": 17.9186,
      "eval_samples_per_second": 11.162,
      "eval_steps_per_second": 0.112,
      "step": 60
    },
    {
      "epoch": 16.0,
      "grad_norm": 0.4720124900341034,
      "learning_rate": 0.0004328384254047926,
      "loss": 0.3662,
      "step": 64
    },
    {
      "epoch": 16.0,
      "eval_accuracy": 0.9692700176707724,
      "eval_loss": 0.32689353823661804,
      "eval_mean_dice": 0.8890256646117414,
      "eval_mean_iou": 0.4846350088353862,
      "eval_runtime": 17.8846,
      "eval_samples_per_second": 11.183,
      "eval_steps_per_second": 0.112,
      "step": 64
    },
    {
      "epoch": 17.0,
      "grad_norm": 0.5344768166542053,
      "learning_rate": 0.00042049959001562464,
      "loss": 0.3664,
      "step": 68
    },
    {
      "epoch": 17.0,
      "eval_accuracy": 0.9591983654017913,
      "eval_loss": 0.3227233588695526,
      "eval_mean_dice": 0.889904611132869,
      "eval_mean_iou": 0.47959918270089563,
      "eval_runtime": 17.7651,
      "eval_samples_per_second": 11.258,
      "eval_steps_per_second": 0.113,
      "step": 68
    },
    {
      "epoch": 18.0,
      "grad_norm": 0.34761494398117065,
      "learning_rate": 0.0004073300977624594,
      "loss": 0.3515,
      "step": 72
    },
    {
      "epoch": 18.0,
      "eval_accuracy": 0.9341678845607206,
      "eval_loss": 0.37535643577575684,
      "eval_mean_dice": 0.8724168235273697,
      "eval_mean_iou": 0.4670839422803603,
      "eval_runtime": 17.8325,
      "eval_samples_per_second": 11.215,
      "eval_steps_per_second": 0.112,
      "step": 72
    },
    {
      "epoch": 19.0,
      "grad_norm": 0.7541325688362122,
      "learning_rate": 0.00039339410908776154,
      "loss": 0.3658,
      "step": 76
    },
    {
      "epoch": 19.0,
      "eval_accuracy": 0.9652345081616472,
      "eval_loss": 0.3361387550830841,
      "eval_mean_dice": 0.8965734433585962,
      "eval_mean_iou": 0.4826172540808236,
      "eval_runtime": 17.8007,
      "eval_samples_per_second": 11.235,
      "eval_steps_per_second": 0.112,
      "step": 76
    },
    {
      "epoch": 20.0,
      "grad_norm": 0.36569467186927795,
      "learning_rate": 0.0003787595187275136,
      "loss": 0.3482,
      "step": 80
    },
    {
      "epoch": 20.0,
      "eval_accuracy": 0.9761973692152556,
      "eval_loss": 0.31271281838417053,
      "eval_mean_dice": 0.898922720071951,
      "eval_mean_iou": 0.4880986846076278,
      "eval_runtime": 17.9675,
      "eval_samples_per_second": 11.131,
      "eval_steps_per_second": 0.111,
      "step": 80
    },
    {
      "epoch": 21.0,
      "grad_norm": 0.6443072557449341,
      "learning_rate": 0.00036349762493488667,
      "loss": 0.348,
      "step": 84
    },
    {
      "epoch": 21.0,
      "eval_accuracy": 0.9461188946170104,
      "eval_loss": 0.34600144624710083,
      "eval_mean_dice": 0.8882314188560732,
      "eval_mean_iou": 0.4730594473085052,
      "eval_runtime": 18.0302,
      "eval_samples_per_second": 11.093,
      "eval_steps_per_second": 0.111,
      "step": 84
    },
    {
      "epoch": 22.0,
      "grad_norm": 0.540289580821991,
      "learning_rate": 0.0003476827821223184,
      "loss": 0.3478,
      "step": 88
    },
    {
      "epoch": 22.0,
      "eval_accuracy": 0.9665392380004586,
      "eval_loss": 0.3154774606227875,
      "eval_mean_dice": 0.9023809199588135,
      "eval_mean_iou": 0.4832696190002293,
      "eval_runtime": 17.7866,
      "eval_samples_per_second": 11.244,
      "eval_steps_per_second": 0.112,
      "step": 88
    },
    {
      "epoch": 23.0,
      "grad_norm": 0.3635844886302948,
      "learning_rate": 0.0003313920386142892,
      "loss": 0.3433,
      "step": 92
    },
    {
      "epoch": 23.0,
      "eval_accuracy": 0.9560457822333072,
      "eval_loss": 0.33795714378356934,
      "eval_mean_dice": 0.8966710022991762,
      "eval_mean_iou": 0.4780228911166536,
      "eval_runtime": 17.933,
      "eval_samples_per_second": 11.153,
      "eval_steps_per_second": 0.112,
      "step": 92
    },
    {
      "epoch": 24.0,
      "grad_norm": 0.5026809573173523,
      "learning_rate": 0.00031470476127563017,
      "loss": 0.3329,
      "step": 96
    },
    {
      "epoch": 24.0,
      "eval_accuracy": 0.9649635252967103,
      "eval_loss": 0.30647894740104675,
      "eval_mean_dice": 0.9045899864135365,
      "eval_mean_iou": 0.48248176264835513,
      "eval_runtime": 17.7994,
      "eval_samples_per_second": 11.236,
      "eval_steps_per_second": 0.112,
      "step": 96
    },
    {
      "epoch": 25.0,
      "grad_norm": 0.6474202275276184,
      "learning_rate": 0.0002977022488441362,
      "loss": 0.3405,
      "step": 100
    },
    {
      "epoch": 25.0,
      "eval_accuracy": 0.9739084089494123,
      "eval_loss": 0.2928001582622528,
      "eval_mean_dice": 0.9094893844057923,
      "eval_mean_iou": 0.48695420447470616,
      "eval_runtime": 17.9142,
      "eval_samples_per_second": 11.164,
      "eval_steps_per_second": 0.112,
      "step": 100
    },
    {
      "epoch": 26.0,
      "grad_norm": 0.4030590057373047,
      "learning_rate": 0.00028046733585128684,
      "loss": 0.3291,
      "step": 104
    },
    {
      "epoch": 26.0,
      "eval_accuracy": 0.956143434919661,
      "eval_loss": 0.32885074615478516,
      "eval_mean_dice": 0.9007881089334913,
      "eval_mean_iou": 0.4780717174598305,
      "eval_runtime": 17.8164,
      "eval_samples_per_second": 11.226,
      "eval_steps_per_second": 0.112,
      "step": 104
    },
    {
      "epoch": 27.0,
      "grad_norm": 0.23991094529628754,
      "learning_rate": 0.000263083989060736,
      "loss": 0.3263,
      "step": 108
    },
    {
      "epoch": 27.0,
      "eval_accuracy": 0.974513205477483,
      "eval_loss": 0.29290613532066345,
      "eval_mean_dice": 0.909131476242815,
      "eval_mean_iou": 0.4872566027387415,
      "eval_runtime": 17.8527,
      "eval_samples_per_second": 11.203,
      "eval_steps_per_second": 0.112,
      "step": 108
    },
    {
      "epoch": 28.0,
      "grad_norm": 0.3836660385131836,
      "learning_rate": 0.0002456368983906791,
      "loss": 0.3273,
      "step": 112
    },
    {
      "epoch": 28.0,
      "eval_accuracy": 0.9460700905384677,
      "eval_loss": 0.3416593670845032,
      "eval_mean_dice": 0.8920893522405933,
      "eval_mean_iou": 0.47303504526923384,
      "eval_runtime": 17.8023,
      "eval_samples_per_second": 11.235,
      "eval_steps_per_second": 0.112,
      "step": 112
    },
    {
      "epoch": 29.0,
      "grad_norm": 0.7593032121658325,
      "learning_rate": 0.00022821106431308543,
      "loss": 0.3212,
      "step": 116
    },
    {
      "epoch": 29.0,
      "eval_accuracy": 0.9719792674396488,
      "eval_loss": 0.2956691086292267,
      "eval_mean_dice": 0.9099984382616955,
      "eval_mean_iou": 0.4859896337198244,
      "eval_runtime": 17.8032,
      "eval_samples_per_second": 11.234,
      "eval_steps_per_second": 0.112,
      "step": 116
    },
    {
      "epoch": 30.0,
      "grad_norm": 0.6572992205619812,
      "learning_rate": 0.00021089138373994224,
      "loss": 0.3184,
      "step": 120
    },
    {
      "epoch": 30.0,
      "eval_accuracy": 0.9588481204384913,
      "eval_loss": 0.30536648631095886,
      "eval_mean_dice": 0.9030290965826685,
      "eval_mean_iou": 0.47942406021924566,
      "eval_runtime": 18.1127,
      "eval_samples_per_second": 11.042,
      "eval_steps_per_second": 0.11,
      "step": 120
    },
    {
      "epoch": 31.0,
      "grad_norm": 0.6156498193740845,
      "learning_rate": 0.0001937622364140338,
      "loss": 0.3202,
      "step": 124
    },
    {
      "epoch": 31.0,
      "eval_accuracy": 0.9663417284289479,
      "eval_loss": 0.3019636571407318,
      "eval_mean_dice": 0.9079480241999882,
      "eval_mean_iou": 0.48317086421447397,
      "eval_runtime": 17.8456,
      "eval_samples_per_second": 11.207,
      "eval_steps_per_second": 0.112,
      "step": 124
    },
    {
      "epoch": 32.0,
      "grad_norm": 0.3458206057548523,
      "learning_rate": 0.00017690707381931583,
      "loss": 0.3125,
      "step": 128
    },
    {
      "epoch": 32.0,
      "eval_accuracy": 0.9508776262444288,
      "eval_loss": 0.3235683739185333,
      "eval_mean_dice": 0.8978272105500775,
      "eval_mean_iou": 0.4754388131222144,
      "eval_runtime": 17.8271,
      "eval_samples_per_second": 11.219,
      "eval_steps_per_second": 0.112,
      "step": 128
    },
    {
      "epoch": 33.0,
      "grad_norm": 0.44482681155204773,
      "learning_rate": 0.00016040801261367493,
      "loss": 0.319,
      "step": 132
    },
    {
      "epoch": 33.0,
      "eval_accuracy": 0.9674930104076701,
      "eval_loss": 0.2948390245437622,
      "eval_mean_dice": 0.9084165255630523,
      "eval_mean_iou": 0.48374650520383505,
      "eval_runtime": 17.9332,
      "eval_samples_per_second": 11.153,
      "eval_steps_per_second": 0.112,
      "step": 132
    },
    {
      "epoch": 34.0,
      "grad_norm": 0.31036117672920227,
      "learning_rate": 0.0001443454345648252,
      "loss": 0.3142,
      "step": 136
    },
    {
      "epoch": 34.0,
      "eval_accuracy": 0.9607592943883169,
      "eval_loss": 0.3151891231536865,
      "eval_mean_dice": 0.9043352526130399,
      "eval_mean_iou": 0.48037964719415843,
      "eval_runtime": 17.7495,
      "eval_samples_per_second": 11.268,
      "eval_steps_per_second": 0.113,
      "step": 136
    },
    {
      "epoch": 35.0,
      "grad_norm": 0.6917657256126404,
      "learning_rate": 0.00012879759493841575,
      "loss": 0.31,
      "step": 140
    },
    {
      "epoch": 35.0,
      "eval_accuracy": 0.9674511083657827,
      "eval_loss": 0.29817673563957214,
      "eval_mean_dice": 0.9081735453990878,
      "eval_mean_iou": 0.48372555418289137,
      "eval_runtime": 17.7749,
      "eval_samples_per_second": 11.252,
      "eval_steps_per_second": 0.113,
      "step": 140
    }
  ],
  "logging_steps": 500,
  "max_steps": 200,
  "num_input_tokens_seen": 0,
  "num_train_epochs": 50,
  "save_steps": 500,
  "stateful_callbacks": {
    "EarlyStoppingCallback": {
      "args": {
        "early_stopping_patience": 10,
        "early_stopping_threshold": 0.0
      },
      "attributes": {
        "early_stopping_patience_counter": 10
      }
    },
    "TrainerControl": {
      "args": {
        "should_epoch_stop": false,
        "should_evaluate": false,
        "should_log": false,
        "should_save": true,
        "should_training_stop": true
      },
      "attributes": {}
    }
  },
  "total_flos": 5.60051987152896e+17,
  "train_batch_size": 64,
  "trial_name": null,
  "trial_params": null
}
