{
  "best_global_step": 116,
  "best_metric": 0.3317233920097351,
  "best_model_checkpoint": "./outputs/lora_r64_alpha64/checkpoint-116",
  "epoch": 39.0,
  "eval_steps": 500,
  "global_step": 156,
  "is_hyper_param_search": false,
  "is_local_process_zero": true,
  "is_world_process_zero": true,
  "log_history": [
    {
      "epoch": 1.0,
      "grad_norm": 0.15414123237133026,
      "learning_rate": 7.5e-05,
      "loss": 0.6904,
      "step": 4
    },
    {
      "epoch": 1.0,
      "eval_accuracy": 0.7668019670692383,
      "eval_loss": 0.651977002620697,
      "eval_mean_dice": 0.4933761586148704,
      "eval_mean_iou": 0.38340098353461916,
      "eval_runtime": 17.7894,
      "eval_samples_per_second": 11.243,
      "eval_steps_per_second": 0.112,
      "step": 4
    },
    {
      "epoch": 2.0,
      "grad_norm": 0.16707034409046173,
      "learning_rate": 0.000175,
      "loss": 0.6836,
      "step": 8
    },
    {
      "epoch": 2.0,
      "eval_accuracy": 0.6985194760269271,
      "eval_loss": 0.6585027575492859,
      "eval_mean_dice": 0.5372595910907224,
      "eval_mean_iou": 0.34925973801346355,
      "eval_runtime": 17.5083,
      "eval_samples_per_second": 11.423,
      "eval_steps_per_second": 0.114,
      "step": 8
    },
    {
      "epoch": 3.0,
      "grad_norm": 0.10309910774230957,
      "learning_rate": 0.000275,
      "loss": 0.6691,
      "step": 12
    },
    {
      "epoch": 3.0,
      "eval_accuracy": 0.5778321016696856,
      "eval_loss": 0.6668896675109863,
      "eval_mean_dice": 0.5561634408021314,
      "eval_mean_iou": 0.2889160508348428,
      "eval_runtime": 17.4648,
      "eval_samples_per_second": 11.452,
      "eval_steps_per_second": 0.115,
      "step": 12
    },
    {
      "epoch": 4.0,
      "grad_norm": 0.17590376734733582,
      "learning_rate": 0.000375,
      "loss": 0.6546,
      "step": 16
    },
    {
      "epoch": 4.0,
      "eval_accuracy": 0.6310173829815063,
      "eval_loss": 0.6409878730773926,
      "eval_mean_dice": 0.6096666952254327,
      "eval_mean_iou": 0.31550869149075317,
      "eval_runtime": 17.8511,
      "eval_samples_per_second": 11.204,
      "eval_steps_per_second": 0.112,
      "step": 16
    },
    {
      "epoch": 5.0,
      "grad_norm": 0.17093157768249512,
      "learning_rate": 0.000475,
      "loss": 0.6306,
      "step": 20
    },
    {
      "epoch": 5.0,
      "eval_accuracy": 0.8876253716225228,
      "eval_loss": 0.5269763469696045,
      "eval_mean_dice": 0.7726889303366848,
      "eval_mean_iou": 0.4438126858112614,
      "eval_runtime": 18.1218,
      "eval_samples_per_second": 11.036,
      "eval_steps_per_second": 0.11,
      "step": 20
    },
    {
      "epoch": 6.0,
      "grad_norm": 0.24424587190151215,
      "learning_rate": 0.0004996573836886434,
      "loss": 0.5955,
      "step": 24
    },
    {
      "epoch": 6.0,
      "eval_accuracy": 0.8792700781572731,
      "eval_loss": 0.5192057490348816,
      "eval_mean_dice": 0.7857114966677436,
      "eval_mean_iou": 0.43963503907863655,
      "eval_runtime": 18.3567,
      "eval_samples_per_second": 10.895,
      "eval_steps_per_second": 0.109,
      "step": 24
    },
    {
      "epoch": 7.0,
      "grad_norm": 0.21445779502391815,
      "learning_rate": 0.0004981365379103306,
      "loss": 0.5654,
      "step": 28
    },
    {
      "epoch": 7.0,
      "eval_accuracy": 0.9471124383481411,
      "eval_loss": 0.4685828387737274,
      "eval_mean_dice": 0.8213301919263999,
      "eval_mean_iou": 0.47355621917407054,
      "eval_runtime": 18.1785,
      "eval_samples_per_second": 11.002,
      "eval_steps_per_second": 0.11,
      "step": 28
    },
    {
      "epoch": 8.0,
      "grad_norm": 0.27087482810020447,
      "learning_rate": 0.000495406795861916,
      "loss": 0.5329,
      "step": 32
    },
    {
      "epoch": 8.0,
      "eval_accuracy": 0.8831161724255,
      "eval_loss": 0.5095463395118713,
      "eval_mean_dice": 0.8085208596231288,
      "eval_mean_iou": 0.44155808621275,
      "eval_runtime": 17.8227,
      "eval_samples_per_second": 11.222,
      "eval_steps_per_second": 0.112,
      "step": 32
    },
    {
      "epoch": 9.0,
      "grad_norm": 0.2075265645980835,
      "learning_rate": 0.0004914814565722671,
      "loss": 0.5055,
      "step": 36
    },
    {
      "epoch": 9.0,
      "eval_accuracy": 0.9060260880797887,
      "eval_loss": 0.4907045364379883,
      "eval_mean_dice": 0.8312592106855596,
      "eval_mean_iou": 0.45301304403989434,
      "eval_runtime": 17.7694,
      "eval_samples_per_second": 11.255,
      "eval_steps_per_second": 0.113,
      "step": 36
    },
    {
      "epoch": 10.0,
      "grad_norm": 0.3195759654045105,
      "learning_rate": 0.00048637964389982923,
      "loss": 0.4894,
      "step": 40
    },
    {
      "epoch": 10.0,
      "eval_accuracy": 0.9408809115272276,
      "eval_loss": 0.4416547417640686,
      "eval_mean_dice": 0.8552317723811728,
      "eval_mean_iou": 0.4704404557636138,
      "eval_runtime": 18.146,
      "eval_samples_per_second": 11.022,
      "eval_steps_per_second": 0.11,
      "step": 40
    },
    {
      "epoch": 11.0,
      "grad_norm": 0.1968468427658081,
      "learning_rate": 0.00048012621336311016,
      "loss": 0.4594,
      "step": 44
    },
    {
      "epoch": 11.0,
      "eval_accuracy": 0.9197837397219469,
      "eval_loss": 0.4589715898036957,
      "eval_mean_dice": 0.8466149548813393,
      "eval_mean_iou": 0.45989186986097347,
      "eval_runtime": 18.0472,
      "eval_samples_per_second": 11.082,
      "eval_steps_per_second": 0.111,
      "step": 44
    },
    {
      "epoch": 12.0,
      "grad_norm": 0.16051803529262543,
      "learning_rate": 0.00047275163104709196,
      "loss": 0.4467,
      "step": 48
    },
    {
      "epoch": 12.0,
      "eval_accuracy": 0.9410034582064077,
      "eval_loss": 0.4224291145801544,
      "eval_mean_dice": 0.8653964492173343,
      "eval_mean_iou": 0.47050172910320387,
      "eval_runtime": 18.108,
      "eval_samples_per_second": 11.045,
      "eval_steps_per_second": 0.11,
      "step": 48
    },
    {
      "epoch": 13.0,
      "grad_norm": 0.20038962364196777,
      "learning_rate": 0.0004642918251755281,
      "loss": 0.4353,
      "step": 52
    },
    {
      "epoch": 13.0,
      "eval_accuracy": 0.9490253164753898,
      "eval_loss": 0.4070661962032318,
      "eval_mean_dice": 0.8751072654954231,
      "eval_mean_iou": 0.4745126582376949,
      "eval_runtime": 18.1844,
      "eval_samples_per_second": 10.998,
      "eval_steps_per_second": 0.11,
      "step": 52
    },
    {
      "epoch": 14.0,
      "grad_norm": 0.375316321849823,
      "learning_rate": 0.00045478801107224796,
      "loss": 0.4219,
      "step": 56
    },
    {
      "epoch": 14.0,
      "eval_accuracy": 0.9349703059362626,
      "eval_loss": 0.43115493655204773,
      "eval_mean_dice": 0.8701448368623175,
      "eval_mean_iou": 0.4674851529681313,
      "eval_runtime": 18.1134,
      "eval_samples_per_second": 11.042,
      "eval_steps_per_second": 0.11,
      "step": 56
    },
    {
      "epoch": 15.0,
      "grad_norm": 0.24311353266239166,
      "learning_rate": 0.0004442864903642427,
      "loss": 0.4186,
      "step": 60
    },
    {
      "epoch": 15.0,
      "eval_accuracy": 0.9534696685244232,
      "eval_loss": 0.40416473150253296,
      "eval_mean_dice": 0.8834203871365217,
      "eval_mean_iou": 0.4767348342622116,
      "eval_runtime": 18.1558,
      "eval_samples_per_second": 11.016,
      "eval_steps_per_second": 0.11,
      "step": 60
    },
    {
      "epoch": 16.0,
      "grad_norm": 0.1720491349697113,
      "learning_rate": 0.0004328384254047926,
      "loss": 0.4079,
      "step": 64
    },
    {
      "epoch": 16.0,
      "eval_accuracy": 0.936070723255619,
      "eval_loss": 0.4133531153202057,
      "eval_mean_dice": 0.874290116259977,
      "eval_mean_iou": 0.4680353616278095,
      "eval_runtime": 18.128,
      "eval_samples_per_second": 11.033,
      "eval_steps_per_second": 0.11,
      "step": 64
    },
    {
      "epoch": 17.0,
      "grad_norm": 0.4048357307910919,
      "learning_rate": 0.00042049959001562464,
      "loss": 0.4083,
      "step": 68
    },
    {
      "epoch": 17.0,
      "eval_accuracy": 0.934026031349808,
      "eval_loss": 0.410134494304657,
      "eval_mean_dice": 0.873428310852357,
      "eval_mean_iou": 0.467013015674904,
      "eval_runtime": 18.131,
      "eval_samples_per_second": 11.031,
      "eval_steps_per_second": 0.11,
      "step": 68
    },
    {
      "epoch": 18.0,
      "grad_norm": 0.3190239369869232,
      "learning_rate": 0.0004073300977624594,
      "loss": 0.3944,
      "step": 72
    },
    {
      "epoch": 18.0,
      "eval_accuracy": 0.9521378668404402,
      "eval_loss": 0.37711936235427856,
      "eval_mean_dice": 0.8866043465544559,
      "eval_mean_iou": 0.4760689334202201,
      "eval_runtime": 18.1652,
      "eval_samples_per_second": 11.01,
      "eval_steps_per_second": 0.11,
      "step": 72
    },
    {
      "epoch": 19.0,
      "grad_norm": 0.2767643332481384,
      "learning_rate": 0.00039339410908776154,
      "loss": 0.3903,
      "step": 76
    },
    {
      "epoch": 19.0,
      "eval_accuracy": 0.9455191962326783,
      "eval_loss": 0.38624390959739685,
      "eval_mean_dice": 0.8838333069551914,
      "eval_mean_iou": 0.47275959811633916,
      "eval_runtime": 18.2303,
      "eval_samples_per_second": 10.971,
      "eval_steps_per_second": 0.11,
      "step": 76
    },
    {
      "epoch": 20.0,
      "grad_norm": 0.31423670053482056,
      "learning_rate": 0.0003787595187275136,
      "loss": 0.3817,
      "step": 80
    },
    {
      "epoch": 20.0,
      "eval_accuracy": 0.9485277341173134,
      "eval_loss": 0.37918776273727417,
      "eval_mean_dice": 0.8881192823386361,
      "eval_mean_iou": 0.4742638670586567,
      "eval_runtime": 18.4206,
      "eval_samples_per_second": 10.857,
      "eval_steps_per_second": 0.109,
      "step": 80
    },
    {
      "epoch": 21.0,
      "grad_norm": 0.2727367579936981,
      "learning_rate": 0.00036349762493488667,
      "loss": 0.3794,
      "step": 84
    },
    {
      "epoch": 21.0,
      "eval_accuracy": 0.9621174280385494,
      "eval_loss": 0.3616296350955963,
      "eval_mean_dice": 0.8943492808795968,
      "eval_mean_iou": 0.4810587140192747,
      "eval_runtime": 18.1977,
      "eval_samples_per_second": 10.99,
      "eval_steps_per_second": 0.11,
      "step": 84
    },
    {
      "epoch": 22.0,
      "grad_norm": 0.2903432250022888,
      "learning_rate": 0.0003476827821223184,
      "loss": 0.3829,
      "step": 88
    },
    {
      "epoch": 22.0,
      "eval_accuracy": 0.9328452315260768,
      "eval_loss": 0.3849537670612335,
      "eval_mean_dice": 0.8780194939844768,
      "eval_mean_iou": 0.4664226157630384,
      "eval_runtime": 18.0935,
      "eval_samples_per_second": 11.054,
      "eval_steps_per_second": 0.111,
      "step": 88
    },
    {
      "epoch": 23.0,
      "grad_norm": 0.25550565123558044,
      "learning_rate": 0.0003313920386142892,
      "loss": 0.3772,
      "step": 92
    },
    {
      "epoch": 23.0,
      "eval_accuracy": 0.9390702871608035,
      "eval_loss": 0.3714234530925751,
      "eval_mean_dice": 0.8823625034893723,
      "eval_mean_iou": 0.46953514358040177,
      "eval_runtime": 18.141,
      "eval_samples_per_second": 11.025,
      "eval_steps_per_second": 0.11,
      "step": 92
    },
    {
      "epoch": 24.0,
      "grad_norm": 0.17740413546562195,
      "learning_rate": 0.00031470476127563017,
      "loss": 0.3714,
      "step": 96
    },
    {
      "epoch": 24.0,
      "eval_accuracy": 0.9400416415194192,
      "eval_loss": 0.3641622066497803,
      "eval_mean_dice": 0.8846579547220539,
      "eval_mean_iou": 0.4700208207597096,
      "eval_runtime": 18.2283,
      "eval_samples_per_second": 10.972,
      "eval_steps_per_second": 0.11,
      "step": 96
    },
    {
      "epoch": 25.0,
      "grad_norm": 0.3087756931781769,
      "learning_rate": 0.0002977022488441362,
      "loss": 0.3733,
      "step": 100
    },
    {
      "epoch": 25.0,
      "eval_accuracy": 0.9429135629681478,
      "eval_loss": 0.3615778386592865,
      "eval_mean_dice": 0.8863993854114108,
      "eval_mean_iou": 0.4714567814840739,
      "eval_runtime": 18.3621,
      "eval_samples_per_second": 10.892,
      "eval_steps_per_second": 0.109,
      "step": 100
    },
    {
      "epoch": 26.0,
      "grad_norm": 0.33616939187049866,
      "learning_rate": 0.00028046733585128684,
      "loss": 0.3688,
      "step": 104
    },
    {
      "epoch": 26.0,
      "eval_accuracy": 0.9351341599781395,
      "eval_loss": 0.3774261474609375,
      "eval_mean_dice": 0.8812016870254882,
      "eval_mean_iou": 0.46756707998906977,
      "eval_runtime": 18.1289,
      "eval_samples_per_second": 11.032,
      "eval_steps_per_second": 0.11,
      "step": 104
    },
    {
      "epoch": 27.0,
      "grad_norm": 0.1542719453573227,
      "learning_rate": 0.000263083989060736,
      "loss": 0.3614,
      "step": 108
    },
    {
      "epoch": 27.0,
      "eval_accuracy": 0.94674150634829,
      "eval_loss": 0.3496561348438263,
      "eval_mean_dice": 0.8916618662094369,
      "eval_mean_iou": 0.473370753174145,
      "eval_runtime": 18.3825,
      "eval_samples_per_second": 10.88,
      "eval_steps_per_second": 0.109,
      "step": 108
    },
    {
      "epoch": 28.0,
      "grad_norm": 0.26175305247306824,
      "learning_rate": 0.0002456368983906791,
      "loss": 0.3512,
      "step": 112
    },
    {
      "epoch": 28.0,
      "eval_accuracy": 0.9357844127253103,
      "eval_loss": 0.3559383451938629,
      "eval_mean_dice": 0.8844182486621078,
      "eval_mean_iou": 0.46789220636265516,
      "eval_runtime": 18.1392,
      "eval_samples_per_second": 11.026,
      "eval_steps_per_second": 0.11,
      "step": 112
    },
    {
      "epoch": 29.0,
      "grad_norm": 0.09689366817474365,
      "learning_rate": 0.00022821106431308543,
      "loss": 0.3512,
      "step": 116
    },
    {
      "epoch": 29.0,
      "eval_accuracy": 0.9504076926214521,
      "eval_loss": 0.3317233920097351,
      "eval_mean_dice": 0.8954463536639292,
      "eval_mean_iou": 0.47520384631072604,
      "eval_runtime": 18.2245,
      "eval_samples_per_second": 10.974,
      "eval_steps_per_second": 0.11,
      "step": 116
    },
    {
      "epoch": 30.0,
      "grad_norm": 0.2118932604789734,
      "learning_rate": 0.00021089138373994224,
      "loss": 0.3558,
      "step": 120
    },
    {
      "epoch": 30.0,
      "eval_accuracy": 0.9325246034160602,
      "eval_loss": 0.3568180799484253,
      "eval_mean_dice": 0.8823934496902214,
      "eval_mean_iou": 0.4662623017080301,
      "eval_runtime": 18.2176,
      "eval_samples_per_second": 10.978,
      "eval_steps_per_second": 0.11,
      "step": 120
    },
    {
      "epoch": 31.0,
      "grad_norm": 0.3432054817676544,
      "learning_rate": 0.0001937622364140338,
      "loss": 0.3578,
      "step": 124
    },
    {
      "epoch": 31.0,
      "eval_accuracy": 0.9358452012896284,
      "eval_loss": 0.3482210636138916,
      "eval_mean_dice": 0.885384760276188,
      "eval_mean_iou": 0.4679226006448142,
      "eval_runtime": 18.1266,
      "eval_samples_per_second": 11.034,
      "eval_steps_per_second": 0.11,
      "step": 124
    },
    {
      "epoch": 32.0,
      "grad_norm": 0.2934269309043884,
      "learning_rate": 0.00017690707381931583,
      "loss": 0.3479,
      "step": 128
    },
    {
      "epoch": 32.0,
      "eval_accuracy": 0.9375955331408498,
      "eval_loss": 0.3476017713546753,
      "eval_mean_dice": 0.8872519057061884,
      "eval_mean_iou": 0.4687977665704249,
      "eval_runtime": 18.1584,
      "eval_samples_per_second": 11.014,
      "eval_steps_per_second": 0.11,
      "step": 128
    },
    {
      "epoch": 33.0,
      "grad_norm": 0.35150787234306335,
      "learning_rate": 0.00016040801261367493,
      "loss": 0.3563,
      "step": 132
    },
    {
      "epoch": 33.0,
      "eval_accuracy": 0.9476147106251263,
      "eval_loss": 0.33274269104003906,
      "eval_mean_dice": 0.8944484927621961,
      "eval_mean_iou": 0.4738073553125631,
      "eval_runtime": 18.1591,
      "eval_samples_per_second": 11.014,
      "eval_steps_per_second": 0.11,
      "step": 132
    },
    {
      "epoch": 34.0,
      "grad_norm": 0.19606956839561462,
      "learning_rate": 0.0001443454345648252,
      "loss": 0.3513,
      "step": 136
    },
    {
      "epoch": 34.0,
      "eval_accuracy": 0.9386008894115543,
      "eval_loss": 0.35390719771385193,
      "eval_mean_dice": 0.8879049663686037,
      "eval_mean_iou": 0.46930044470577714,
      "eval_runtime": 18.2882,
      "eval_samples_per_second": 10.936,
      "eval_steps_per_second": 0.109,
      "step": 136
    },
    {
      "epoch": 35.0,
      "grad_norm": 0.2976834177970886,
      "learning_rate": 0.00012879759493841575,
      "loss": 0.3485,
      "step": 140
    },
    {
      "epoch": 35.0,
      "eval_accuracy": 0.9346487759187636,
      "eval_loss": 0.343822181224823,
      "eval_mean_dice": 0.8852343758057872,
      "eval_mean_iou": 0.4673243879593818,
      "eval_runtime": 18.0272,
      "eval_samples_per_second": 11.094,
      "eval_steps_per_second": 0.111,
      "step": 140
    },
    {
      "epoch": 36.0,
      "grad_norm": 0.2708011269569397,
      "learning_rate": 0.00011384024124624323,
      "loss": 0.3464,
      "step": 144
    },
    {
      "epoch": 36.0,
      "eval_accuracy": 0.9480585843926218,
      "eval_loss": 0.33369600772857666,
      "eval_mean_dice": 0.8952992519014278,
      "eval_mean_iou": 0.4740292921963109,
      "eval_runtime": 18.1593,
      "eval_samples_per_second": 11.014,
      "eval_steps_per_second": 0.11,
      "step": 144
    },
    {
      "epoch": 37.0,
      "grad_norm": 0.5768390893936157,
      "learning_rate": 9.954624421198791e-05,
      "loss": 0.3532,
      "step": 148
    },
    {
      "epoch": 37.0,
      "eval_accuracy": 0.9361047928107692,
      "eval_loss": 0.3488995432853699,
      "eval_mean_dice": 0.886215121637419,
      "eval_mean_iou": 0.4680523964053846,
      "eval_runtime": 18.0585,
      "eval_samples_per_second": 11.075,
      "eval_steps_per_second": 0.111,
      "step": 148
    },
    {
      "epoch": 38.0,
      "grad_norm": 0.19136245548725128,
      "learning_rate": 8.598524275237321e-05,
      "loss": 0.3425,
      "step": 152
    },
    {
      "epoch": 38.0,
      "eval_accuracy": 0.9454423311674852,
      "eval_loss": 0.33892762660980225,
      "eval_mean_dice": 0.8931812941012754,
      "eval_mean_iou": 0.4727211655837426,
      "eval_runtime": 18.0258,
      "eval_samples_per_second": 11.095,
      "eval_steps_per_second": 0.111,
      "step": 152
    },
    {
      "epoch": 39.0,
      "grad_norm": 0.2675166726112366,
      "learning_rate": 7.322330470336314e-05,
      "loss": 0.3503,
      "step": 156
    },
    {
      "epoch": 39.0,
      "eval_accuracy": 0.9366357231980097,
      "eval_loss": 0.3508576452732086,
      "eval_mean_dice": 0.8871471477769373,
      "eval_mean_iou": 0.46831786159900485,
      "eval_runtime": 18.0784,
      "eval_samples_per_second": 11.063,
      "eval_steps_per_second": 0.111,
      "step": 156
    }
  ],
  "logging_steps": 500,
  "max_steps": 200,
  "num_input_tokens_seen": 0,
  "num_train_epochs": 50,
  "save_steps": 500,
  "stateful_callbacks": {
    "EarlyStoppingCallback": {
      "args": {
        "early_stopping_patience": 10,
        "early_stopping_threshold": 0.0
      },
      "attributes": {
        "early_stopping_patience_counter": 10
      }
    },
    "TrainerControl": {
      "args": {
        "should_epoch_stop": false,
        "should_evaluate": false,
        "should_log": false,
        "should_save": true,
        "should_training_stop": true
      },
      "attributes": {}
    }
  },
  "total_flos": 6.240579285417984e+17,
  "train_batch_size": 64,
  "trial_name": null,
  "trial_params": null
}
