{
  "best_global_step": 176,
  "best_metric": 0.318969190120697,
  "best_model_checkpoint": "./outputs/lora_r8_alpha32/checkpoint-176",
  "epoch": 44.0,
  "eval_steps": 500,
  "global_step": 176,
  "is_hyper_param_search": false,
  "is_local_process_zero": true,
  "is_world_process_zero": true,
  "log_history": [
    {
      "epoch": 1.0,
      "grad_norm": 0.2635258734226227,
      "learning_rate": 7.5e-05,
      "loss": 0.6538,
      "step": 4
    },
    {
      "epoch": 1.0,
      "eval_accuracy": 0.5979047961437222,
      "eval_loss": 0.6839529275894165,
      "eval_mean_dice": 0.4481874466230208,
      "eval_mean_iou": 0.2989523980718611,
      "eval_runtime": 21.5692,
      "eval_samples_per_second": 9.272,
      "eval_steps_per_second": 0.093,
      "step": 4
    },
    {
      "epoch": 2.0,
      "grad_norm": 0.16502125561237335,
      "learning_rate": 0.000175,
      "loss": 0.6496,
      "step": 8
    },
    {
      "epoch": 2.0,
      "eval_accuracy": 0.7012329878211138,
      "eval_loss": 0.6598429083824158,
      "eval_mean_dice": 0.507700273730278,
      "eval_mean_iou": 0.3506164939105569,
      "eval_runtime": 16.443,
      "eval_samples_per_second": 12.163,
      "eval_steps_per_second": 0.122,
      "step": 8
    },
    {
      "epoch": 3.0,
      "grad_norm": 0.17947012186050415,
      "learning_rate": 0.000275,
      "loss": 0.641,
      "step": 12
    },
    {
      "epoch": 3.0,
      "eval_accuracy": 0.7627102300256853,
      "eval_loss": 0.6340177059173584,
      "eval_mean_dice": 0.5715838457975706,
      "eval_mean_iou": 0.38135511501284264,
      "eval_runtime": 16.8834,
      "eval_samples_per_second": 11.846,
      "eval_steps_per_second": 0.118,
      "step": 12
    },
    {
      "epoch": 4.0,
      "grad_norm": 0.19607341289520264,
      "learning_rate": 0.000375,
      "loss": 0.6304,
      "step": 16
    },
    {
      "epoch": 4.0,
      "eval_accuracy": 0.8143106197959916,
      "eval_loss": 0.5962578654289246,
      "eval_mean_dice": 0.6431517989495237,
      "eval_mean_iou": 0.4071553098979958,
      "eval_runtime": 16.8485,
      "eval_samples_per_second": 11.871,
      "eval_steps_per_second": 0.119,
      "step": 16
    },
    {
      "epoch": 5.0,
      "grad_norm": 0.21993274986743927,
      "learning_rate": 0.000475,
      "loss": 0.6188,
      "step": 20
    },
    {
      "epoch": 5.0,
      "eval_accuracy": 0.8650773451573471,
      "eval_loss": 0.556335985660553,
      "eval_mean_dice": 0.7043864646488902,
      "eval_mean_iou": 0.43253867257867357,
      "eval_runtime": 17.0225,
      "eval_samples_per_second": 11.749,
      "eval_steps_per_second": 0.117,
      "step": 20
    },
    {
      "epoch": 6.0,
      "grad_norm": 0.2540375292301178,
      "learning_rate": 0.0004996573836886434,
      "loss": 0.6031,
      "step": 24
    },
    {
      "epoch": 6.0,
      "eval_accuracy": 0.86876590295965,
      "eval_loss": 0.5286652445793152,
      "eval_mean_dice": 0.743742759796396,
      "eval_mean_iou": 0.434382951479825,
      "eval_runtime": 16.918,
      "eval_samples_per_second": 11.822,
      "eval_steps_per_second": 0.118,
      "step": 24
    },
    {
      "epoch": 7.0,
      "grad_norm": 0.2837778627872467,
      "learning_rate": 0.0004981365379103306,
      "loss": 0.5852,
      "step": 28
    },
    {
      "epoch": 7.0,
      "eval_accuracy": 0.814530040591501,
      "eval_loss": 0.511328935623169,
      "eval_mean_dice": 0.7385910617368021,
      "eval_mean_iou": 0.4072650202957505,
      "eval_runtime": 17.0333,
      "eval_samples_per_second": 11.742,
      "eval_steps_per_second": 0.117,
      "step": 28
    },
    {
      "epoch": 8.0,
      "grad_norm": 0.22441789507865906,
      "learning_rate": 0.000495406795861916,
      "loss": 0.5655,
      "step": 32
    },
    {
      "epoch": 8.0,
      "eval_accuracy": 0.8889169434404983,
      "eval_loss": 0.453927218914032,
      "eval_mean_dice": 0.7881881488731878,
      "eval_mean_iou": 0.44445847172024916,
      "eval_runtime": 17.0016,
      "eval_samples_per_second": 11.764,
      "eval_steps_per_second": 0.118,
      "step": 32
    },
    {
      "epoch": 9.0,
      "grad_norm": 0.4490989148616791,
      "learning_rate": 0.0004914814565722671,
      "loss": 0.5425,
      "step": 36
    },
    {
      "epoch": 9.0,
      "eval_accuracy": 0.8418126383326963,
      "eval_loss": 0.5122096538543701,
      "eval_mean_dice": 0.7684008862856642,
      "eval_mean_iou": 0.42090631916634813,
      "eval_runtime": 17.1853,
      "eval_samples_per_second": 11.638,
      "eval_steps_per_second": 0.116,
      "step": 36
    },
    {
      "epoch": 10.0,
      "grad_norm": 0.34998011589050293,
      "learning_rate": 0.00048637964389982923,
      "loss": 0.5215,
      "step": 40
    },
    {
      "epoch": 10.0,
      "eval_accuracy": 0.9305098827754497,
      "eval_loss": 0.4652377665042877,
      "eval_mean_dice": 0.8223564488257484,
      "eval_mean_iou": 0.46525494138772483,
      "eval_runtime": 17.0972,
      "eval_samples_per_second": 11.698,
      "eval_steps_per_second": 0.117,
      "step": 40
    },
    {
      "epoch": 11.0,
      "grad_norm": 0.4953523278236389,
      "learning_rate": 0.00048012621336311016,
      "loss": 0.4932,
      "step": 44
    },
    {
      "epoch": 11.0,
      "eval_accuracy": 0.9249953535739519,
      "eval_loss": 0.4593927264213562,
      "eval_mean_dice": 0.8348836213532596,
      "eval_mean_iou": 0.46249767678697595,
      "eval_runtime": 16.8202,
      "eval_samples_per_second": 11.89,
      "eval_steps_per_second": 0.119,
      "step": 44
    },
    {
      "epoch": 12.0,
      "grad_norm": 0.5432769656181335,
      "learning_rate": 0.00047275163104709196,
      "loss": 0.4854,
      "step": 48
    },
    {
      "epoch": 12.0,
      "eval_accuracy": 0.9530030719808797,
      "eval_loss": 0.42251572012901306,
      "eval_mean_dice": 0.8508602563166489,
      "eval_mean_iou": 0.4765015359904399,
      "eval_runtime": 16.6824,
      "eval_samples_per_second": 11.989,
      "eval_steps_per_second": 0.12,
      "step": 48
    },
    {
      "epoch": 13.0,
      "grad_norm": 0.41548001766204834,
      "learning_rate": 0.0004642918251755281,
      "loss": 0.4553,
      "step": 52
    },
    {
      "epoch": 13.0,
      "eval_accuracy": 0.929911209512937,
      "eval_loss": 0.4354360103607178,
      "eval_mean_dice": 0.8471237558227007,
      "eval_mean_iou": 0.4649556047564685,
      "eval_runtime": 16.7193,
      "eval_samples_per_second": 11.962,
      "eval_steps_per_second": 0.12,
      "step": 52
    },
    {
      "epoch": 14.0,
      "grad_norm": 0.46745479106903076,
      "learning_rate": 0.00045478801107224796,
      "loss": 0.4395,
      "step": 56
    },
    {
      "epoch": 14.0,
      "eval_accuracy": 0.9417083753142003,
      "eval_loss": 0.41184279322624207,
      "eval_mean_dice": 0.856016555275451,
      "eval_mean_iou": 0.47085418765710013,
      "eval_runtime": 16.7606,
      "eval_samples_per_second": 11.933,
      "eval_steps_per_second": 0.119,
      "step": 56
    },
    {
      "epoch": 15.0,
      "grad_norm": 0.28011593222618103,
      "learning_rate": 0.0004442864903642427,
      "loss": 0.4254,
      "step": 60
    },
    {
      "epoch": 15.0,
      "eval_accuracy": 0.9543872627170504,
      "eval_loss": 0.3944350481033325,
      "eval_mean_dice": 0.8636085133998328,
      "eval_mean_iou": 0.4771936313585252,
      "eval_runtime": 16.8749,
      "eval_samples_per_second": 11.852,
      "eval_steps_per_second": 0.119,
      "step": 60
    },
    {
      "epoch": 16.0,
      "grad_norm": 0.6569485068321228,
      "learning_rate": 0.0004328384254047926,
      "loss": 0.425,
      "step": 64
    },
    {
      "epoch": 16.0,
      "eval_accuracy": 0.9489350597905962,
      "eval_loss": 0.39895015954971313,
      "eval_mean_dice": 0.8668941068055962,
      "eval_mean_iou": 0.4744675298952981,
      "eval_runtime": 16.6974,
      "eval_samples_per_second": 11.978,
      "eval_steps_per_second": 0.12,
      "step": 64
    },
    {
      "epoch": 17.0,
      "grad_norm": 0.3236985504627228,
      "learning_rate": 0.00042049959001562464,
      "loss": 0.4058,
      "step": 68
    },
    {
      "epoch": 17.0,
      "eval_accuracy": 0.9560603350649777,
      "eval_loss": 0.3865393102169037,
      "eval_mean_dice": 0.8734515427770384,
      "eval_mean_iou": 0.47803016753248884,
      "eval_runtime": 17.0717,
      "eval_samples_per_second": 11.715,
      "eval_steps_per_second": 0.117,
      "step": 68
    },
    {
      "epoch": 18.0,
      "grad_norm": 0.508161723613739,
      "learning_rate": 0.0004073300977624594,
      "loss": 0.4021,
      "step": 72
    },
    {
      "epoch": 18.0,
      "eval_accuracy": 0.9655177303220603,
      "eval_loss": 0.35984328389167786,
      "eval_mean_dice": 0.8761111412496683,
      "eval_mean_iou": 0.48275886516103017,
      "eval_runtime": 17.1102,
      "eval_samples_per_second": 11.689,
      "eval_steps_per_second": 0.117,
      "step": 72
    },
    {
      "epoch": 19.0,
      "grad_norm": 0.9954285025596619,
      "learning_rate": 0.00039339410908776154,
      "loss": 0.3883,
      "step": 76
    },
    {
      "epoch": 19.0,
      "eval_accuracy": 0.959569901138592,
      "eval_loss": 0.3640865385532379,
      "eval_mean_dice": 0.8754394179301808,
      "eval_mean_iou": 0.479784950569296,
      "eval_runtime": 17.0781,
      "eval_samples_per_second": 11.711,
      "eval_steps_per_second": 0.117,
      "step": 76
    },
    {
      "epoch": 20.0,
      "grad_norm": 0.728697657585144,
      "learning_rate": 0.0003787595187275136,
      "loss": 0.3917,
      "step": 80
    },
    {
      "epoch": 20.0,
      "eval_accuracy": 0.9574442117018501,
      "eval_loss": 0.37202534079551697,
      "eval_mean_dice": 0.8750151499363532,
      "eval_mean_iou": 0.47872210585092506,
      "eval_runtime": 17.0942,
      "eval_samples_per_second": 11.7,
      "eval_steps_per_second": 0.117,
      "step": 80
    },
    {
      "epoch": 21.0,
      "grad_norm": 0.5321325659751892,
      "learning_rate": 0.00036349762493488667,
      "loss": 0.3769,
      "step": 84
    },
    {
      "epoch": 21.0,
      "eval_accuracy": 0.9521831381983964,
      "eval_loss": 0.36781570315361023,
      "eval_mean_dice": 0.8754396267764855,
      "eval_mean_iou": 0.4760915690991982,
      "eval_runtime": 17.0172,
      "eval_samples_per_second": 11.753,
      "eval_steps_per_second": 0.118,
      "step": 84
    },
    {
      "epoch": 22.0,
      "grad_norm": 1.0537772178649902,
      "learning_rate": 0.0003476827821223184,
      "loss": 0.3798,
      "step": 88
    },
    {
      "epoch": 22.0,
      "eval_accuracy": 0.9429459489850689,
      "eval_loss": 0.3698790669441223,
      "eval_mean_dice": 0.8719504591343189,
      "eval_mean_iou": 0.47147297449253445,
      "eval_runtime": 17.1825,
      "eval_samples_per_second": 11.64,
      "eval_steps_per_second": 0.116,
      "step": 88
    },
    {
      "epoch": 23.0,
      "grad_norm": 0.5588353872299194,
      "learning_rate": 0.0003313920386142892,
      "loss": 0.3727,
      "step": 92
    },
    {
      "epoch": 23.0,
      "eval_accuracy": 0.9641884396560954,
      "eval_loss": 0.3354438543319702,
      "eval_mean_dice": 0.8781058917607135,
      "eval_mean_iou": 0.4820942198280477,
      "eval_runtime": 17.2153,
      "eval_samples_per_second": 11.618,
      "eval_steps_per_second": 0.116,
      "step": 92
    },
    {
      "epoch": 24.0,
      "grad_norm": 1.5833697319030762,
      "learning_rate": 0.00031470476127563017,
      "loss": 0.3722,
      "step": 96
    },
    {
      "epoch": 24.0,
      "eval_accuracy": 0.9544372045054762,
      "eval_loss": 0.36269882321357727,
      "eval_mean_dice": 0.8800564687480921,
      "eval_mean_iou": 0.4772186022527381,
      "eval_runtime": 17.0129,
      "eval_samples_per_second": 11.756,
      "eval_steps_per_second": 0.118,
      "step": 96
    },
    {
      "epoch": 25.0,
      "grad_norm": 0.5550534725189209,
      "learning_rate": 0.0002977022488441362,
      "loss": 0.3749,
      "step": 100
    },
    {
      "epoch": 25.0,
      "eval_accuracy": 0.9535640308919352,
      "eval_loss": 0.35869520902633667,
      "eval_mean_dice": 0.8818098278527527,
      "eval_mean_iou": 0.4767820154459676,
      "eval_runtime": 17.1061,
      "eval_samples_per_second": 11.692,
      "eval_steps_per_second": 0.117,
      "step": 100
    },
    {
      "epoch": 26.0,
      "grad_norm": 0.37878403067588806,
      "learning_rate": 0.00028046733585128684,
      "loss": 0.3632,
      "step": 104
    },
    {
      "epoch": 26.0,
      "eval_accuracy": 0.9612522842871467,
      "eval_loss": 0.3325573801994324,
      "eval_mean_dice": 0.8846718111151053,
      "eval_mean_iou": 0.48062614214357335,
      "eval_runtime": 17.1249,
      "eval_samples_per_second": 11.679,
      "eval_steps_per_second": 0.117,
      "step": 104
    },
    {
      "epoch": 27.0,
      "grad_norm": 0.37202826142311096,
      "learning_rate": 0.000263083989060736,
      "loss": 0.3571,
      "step": 108
    },
    {
      "epoch": 27.0,
      "eval_accuracy": 0.9544867424519471,
      "eval_loss": 0.3360375165939331,
      "eval_mean_dice": 0.8824457991553825,
      "eval_mean_iou": 0.47724337122597354,
      "eval_runtime": 16.9921,
      "eval_samples_per_second": 11.77,
      "eval_steps_per_second": 0.118,
      "step": 108
    },
    {
      "epoch": 28.0,
      "grad_norm": 0.45484498143196106,
      "learning_rate": 0.0002456368983906791,
      "loss": 0.3547,
      "step": 112
    },
    {
      "epoch": 28.0,
      "eval_accuracy": 0.9577210004906231,
      "eval_loss": 0.32978835701942444,
      "eval_mean_dice": 0.8826798528514752,
      "eval_mean_iou": 0.47886050024531157,
      "eval_runtime": 17.0708,
      "eval_samples_per_second": 11.716,
      "eval_steps_per_second": 0.117,
      "step": 112
    },
    {
      "epoch": 29.0,
      "grad_norm": 0.42512208223342896,
      "learning_rate": 0.00022821106431308543,
      "loss": 0.3494,
      "step": 116
    },
    {
      "epoch": 29.0,
      "eval_accuracy": 0.9545046012406204,
      "eval_loss": 0.33915939927101135,
      "eval_mean_dice": 0.8830273247462129,
      "eval_mean_iou": 0.4772523006203102,
      "eval_runtime": 17.0753,
      "eval_samples_per_second": 11.713,
      "eval_steps_per_second": 0.117,
      "step": 116
    },
    {
      "epoch": 30.0,
      "grad_norm": 0.3177814781665802,
      "learning_rate": 0.00021089138373994224,
      "loss": 0.3571,
      "step": 120
    },
    {
      "epoch": 30.0,
      "eval_accuracy": 0.9587203747150783,
      "eval_loss": 0.3317832946777344,
      "eval_mean_dice": 0.8849896716685668,
      "eval_mean_iou": 0.47936018735753916,
      "eval_runtime": 17.1825,
      "eval_samples_per_second": 11.64,
      "eval_steps_per_second": 0.116,
      "step": 120
    },
    {
      "epoch": 31.0,
      "grad_norm": 0.7688971161842346,
      "learning_rate": 0.0001937622364140338,
      "loss": 0.3495,
      "step": 124
    },
    {
      "epoch": 31.0,
      "eval_accuracy": 0.954260187115234,
      "eval_loss": 0.3325650095939636,
      "eval_mean_dice": 0.8841231224038284,
      "eval_mean_iou": 0.477130093557617,
      "eval_runtime": 17.1068,
      "eval_samples_per_second": 11.691,
      "eval_steps_per_second": 0.117,
      "step": 124
    },
    {
      "epoch": 32.0,
      "grad_norm": 0.2752608060836792,
      "learning_rate": 0.00017690707381931583,
      "loss": 0.3466,
      "step": 128
    },
    {
      "epoch": 32.0,
      "eval_accuracy": 0.956500343310533,
      "eval_loss": 0.3286149501800537,
      "eval_mean_dice": 0.8845374122856069,
      "eval_mean_iou": 0.4782501716552665,
      "eval_runtime": 17.0712,
      "eval_samples_per_second": 11.716,
      "eval_steps_per_second": 0.117,
      "step": 128
    },
    {
      "epoch": 33.0,
      "grad_norm": 0.41257065534591675,
      "learning_rate": 0.00016040801261367493,
      "loss": 0.3464,
      "step": 132
    },
    {
      "epoch": 33.0,
      "eval_accuracy": 0.9494005100793119,
      "eval_loss": 0.33406785130500793,
      "eval_mean_dice": 0.8824121321347422,
      "eval_mean_iou": 0.47470025503965596,
      "eval_runtime": 17.0056,
      "eval_samples_per_second": 11.761,
      "eval_steps_per_second": 0.118,
      "step": 132
    },
    {
      "epoch": 34.0,
      "grad_norm": 0.48488980531692505,
      "learning_rate": 0.0001443454345648252,
      "loss": 0.3431,
      "step": 136
    },
    {
      "epoch": 34.0,
      "eval_accuracy": 0.9565881116287368,
      "eval_loss": 0.32290804386138916,
      "eval_mean_dice": 0.885251138188893,
      "eval_mean_iou": 0.4782940558143684,
      "eval_runtime": 17.0639,
      "eval_samples_per_second": 11.721,
      "eval_steps_per_second": 0.117,
      "step": 136
    },
    {
      "epoch": 35.0,
      "grad_norm": 0.6195063591003418,
      "learning_rate": 0.00012879759493841575,
      "loss": 0.3549,
      "step": 140
    },
    {
      "epoch": 35.0,
      "eval_accuracy": 0.9522301857861453,
      "eval_loss": 0.33271732926368713,
      "eval_mean_dice": 0.883743479378115,
      "eval_mean_iou": 0.47611509289307263,
      "eval_runtime": 16.9642,
      "eval_samples_per_second": 11.79,
      "eval_steps_per_second": 0.118,
      "step": 140
    },
    {
      "epoch": 36.0,
      "grad_norm": 0.49523070454597473,
      "learning_rate": 0.00011384024124624323,
      "loss": 0.3407,
      "step": 144
    },
    {
      "epoch": 36.0,
      "eval_accuracy": 0.9533895487317433,
      "eval_loss": 0.32910534739494324,
      "eval_mean_dice": 0.8848735946287711,
      "eval_mean_iou": 0.47669477436587165,
      "eval_runtime": 17.1569,
      "eval_samples_per_second": 11.657,
      "eval_steps_per_second": 0.117,
      "step": 144
    },
    {
      "epoch": 37.0,
      "grad_norm": 0.3772483468055725,
      "learning_rate": 9.954624421198791e-05,
      "loss": 0.3394,
      "step": 148
    },
    {
      "epoch": 37.0,
      "eval_accuracy": 0.9600699023501179,
      "eval_loss": 0.3216710686683655,
      "eval_mean_dice": 0.886345637487512,
      "eval_mean_iou": 0.48003495117505895,
      "eval_runtime": 17.1014,
      "eval_samples_per_second": 11.695,
      "eval_steps_per_second": 0.117,
      "step": 148
    },
    {
      "epoch": 38.0,
      "grad_norm": 0.6628497838973999,
      "learning_rate": 8.598524275237321e-05,
      "loss": 0.3565,
      "step": 152
    },
    {
      "epoch": 38.0,
      "eval_accuracy": 0.9554428831515611,
      "eval_loss": 0.33109554648399353,
      "eval_mean_dice": 0.8855061533986602,
      "eval_mean_iou": 0.47772144157578056,
      "eval_runtime": 17.2433,
      "eval_samples_per_second": 11.599,
      "eval_steps_per_second": 0.116,
      "step": 152
    },
    {
      "epoch": 39.0,
      "grad_norm": 0.5171754360198975,
      "learning_rate": 7.322330470336314e-05,
      "loss": 0.3507,
      "step": 156
    },
    {
      "epoch": 39.0,
      "eval_accuracy": 0.9555350039886124,
      "eval_loss": 0.33048954606056213,
      "eval_mean_dice": 0.8860951911970806,
      "eval_mean_iou": 0.4777675019943062,
      "eval_runtime": 17.3052,
      "eval_samples_per_second": 11.557,
      "eval_steps_per_second": 0.116,
      "step": 156
    },
    {
      "epoch": 40.0,
      "grad_norm": 0.46441492438316345,
      "learning_rate": 6.1322604944307e-05,
      "loss": 0.3538,
      "step": 160
    },
    {
      "epoch": 40.0,
      "eval_accuracy": 0.95603442187287,
      "eval_loss": 0.3282913267612457,
      "eval_mean_dice": 0.8869603626949465,
      "eval_mean_iou": 0.478017210936435,
      "eval_runtime": 17.0444,
      "eval_samples_per_second": 11.734,
      "eval_steps_per_second": 0.117,
      "step": 160
    },
    {
      "epoch": 41.0,
      "grad_norm": 0.6834872961044312,
      "learning_rate": 5.0341122488176846e-05,
      "loss": 0.3434,
      "step": 164
    },
    {
      "epoch": 41.0,
      "eval_accuracy": 0.9524136422120021,
      "eval_loss": 0.3292863368988037,
      "eval_mean_dice": 0.8862870745188618,
      "eval_mean_iou": 0.47620682110600104,
      "eval_runtime": 17.2041,
      "eval_samples_per_second": 11.625,
      "eval_steps_per_second": 0.116,
      "step": 164
    },
    {
      "epoch": 42.0,
      "grad_norm": 0.2929087281227112,
      "learning_rate": 4.033235801364402e-05,
      "loss": 0.3595,
      "step": 168
    },
    {
      "epoch": 42.0,
      "eval_accuracy": 0.9503020648080185,
      "eval_loss": 0.32892510294914246,
      "eval_mean_dice": 0.885533727435043,
      "eval_mean_iou": 0.47515103240400924,
      "eval_runtime": 17.0387,
      "eval_samples_per_second": 11.738,
      "eval_steps_per_second": 0.117,
      "step": 168
    },
    {
      "epoch": 43.0,
      "grad_norm": 1.2158584594726562,
      "learning_rate": 3.134507321515106e-05,
      "loss": 0.3505,
      "step": 172
    },
    {
      "epoch": 43.0,
      "eval_accuracy": 0.955111418649224,
      "eval_loss": 0.3199039101600647,
      "eval_mean_dice": 0.887445051982622,
      "eval_mean_iou": 0.477555709324612,
      "eval_runtime": 17.0708,
      "eval_samples_per_second": 11.716,
      "eval_steps_per_second": 0.117,
      "step": 172
    },
    {
      "epoch": 44.0,
      "grad_norm": 0.7202585935592651,
      "learning_rate": 2.3423053240837516e-05,
      "loss": 0.3488,
      "step": 176
    },
    {
      "epoch": 44.0,
      "eval_accuracy": 0.959719008562616,
      "eval_loss": 0.318969190120697,
      "eval_mean_dice": 0.8879088951631344,
      "eval_mean_iou": 0.479859504281308,
      "eval_runtime": 16.9898,
      "eval_samples_per_second": 11.772,
      "eval_steps_per_second": 0.118,
      "step": 176
    }
  ],
  "logging_steps": 500,
  "max_steps": 200,
  "num_input_tokens_seen": 0,
  "num_train_epochs": 50,
  "save_steps": 500,
  "stateful_callbacks": {
    "EarlyStoppingCallback": {
      "args": {
        "early_stopping_patience": 10,
        "early_stopping_threshold": 0.0
      },
      "attributes": {
        "early_stopping_patience_counter": 0
      }
    },
    "TrainerControl": {
      "args": {
        "should_epoch_stop": false,
        "should_evaluate": false,
        "should_log": false,
        "should_save": true,
        "should_training_stop": false
      },
      "attributes": {}
    }
  },
  "total_flos": 6.278691994730496e+17,
  "train_batch_size": 64,
  "trial_name": null,
  "trial_params": null
}
