{
  "best_global_step": 144,
  "best_metric": 0.3323681950569153,
  "best_model_checkpoint": "./outputs/lora_r32_alpha32/checkpoint-144",
  "epoch": 46.0,
  "eval_steps": 500,
  "global_step": 184,
  "is_hyper_param_search": false,
  "is_local_process_zero": true,
  "is_world_process_zero": true,
  "log_history": [
    {
      "epoch": 1.0,
      "grad_norm": 0.11368688195943832,
      "learning_rate": 7.5e-05,
      "loss": 0.6638,
      "step": 4
    },
    {
      "epoch": 1.0,
      "eval_accuracy": 0.4434964851133409,
      "eval_loss": 0.7011895179748535,
      "eval_mean_dice": 0.45789397845006874,
      "eval_mean_iou": 0.22174824255667044,
      "eval_runtime": 17.5794,
      "eval_samples_per_second": 11.377,
      "eval_steps_per_second": 0.114,
      "step": 4
    },
    {
      "epoch": 2.0,
      "grad_norm": 0.07155411690473557,
      "learning_rate": 0.000175,
      "loss": 0.6618,
      "step": 8
    },
    {
      "epoch": 2.0,
      "eval_accuracy": 0.5238973264984133,
      "eval_loss": 0.6826845407485962,
      "eval_mean_dice": 0.5019314388413061,
      "eval_mean_iou": 0.2619486632492066,
      "eval_runtime": 17.467,
      "eval_samples_per_second": 11.45,
      "eval_steps_per_second": 0.115,
      "step": 8
    },
    {
      "epoch": 3.0,
      "grad_norm": 0.07294794172048569,
      "learning_rate": 0.000275,
      "loss": 0.6552,
      "step": 12
    },
    {
      "epoch": 3.0,
      "eval_accuracy": 0.5613156764389675,
      "eval_loss": 0.6685934662818909,
      "eval_mean_dice": 0.5394409437519088,
      "eval_mean_iou": 0.28065783821948376,
      "eval_runtime": 17.51,
      "eval_samples_per_second": 11.422,
      "eval_steps_per_second": 0.114,
      "step": 12
    },
    {
      "epoch": 4.0,
      "grad_norm": 0.09500554203987122,
      "learning_rate": 0.000375,
      "loss": 0.6433,
      "step": 16
    },
    {
      "epoch": 4.0,
      "eval_accuracy": 0.6228785103636963,
      "eval_loss": 0.6456626057624817,
      "eval_mean_dice": 0.5872556854648703,
      "eval_mean_iou": 0.3114392551818482,
      "eval_runtime": 17.5994,
      "eval_samples_per_second": 11.364,
      "eval_steps_per_second": 0.114,
      "step": 16
    },
    {
      "epoch": 5.0,
      "grad_norm": 0.09672863036394119,
      "learning_rate": 0.000475,
      "loss": 0.6304,
      "step": 20
    },
    {
      "epoch": 5.0,
      "eval_accuracy": 0.7535761427554731,
      "eval_loss": 0.6018130779266357,
      "eval_mean_dice": 0.673392582758255,
      "eval_mean_iou": 0.37678807137773657,
      "eval_runtime": 17.6547,
      "eval_samples_per_second": 11.328,
      "eval_steps_per_second": 0.113,
      "step": 20
    },
    {
      "epoch": 6.0,
      "grad_norm": 0.15706220269203186,
      "learning_rate": 0.0004996573836886434,
      "loss": 0.6129,
      "step": 24
    },
    {
      "epoch": 6.0,
      "eval_accuracy": 0.8120068630303302,
      "eval_loss": 0.5698581337928772,
      "eval_mean_dice": 0.7268557024594964,
      "eval_mean_iou": 0.4060034315151651,
      "eval_runtime": 17.8958,
      "eval_samples_per_second": 11.176,
      "eval_steps_per_second": 0.112,
      "step": 24
    },
    {
      "epoch": 7.0,
      "grad_norm": 0.13351377844810486,
      "learning_rate": 0.0004981365379103306,
      "loss": 0.5948,
      "step": 28
    },
    {
      "epoch": 7.0,
      "eval_accuracy": 0.8640729309947902,
      "eval_loss": 0.5136323571205139,
      "eval_mean_dice": 0.7715070798891636,
      "eval_mean_iou": 0.4320364654973951,
      "eval_runtime": 17.8692,
      "eval_samples_per_second": 11.192,
      "eval_steps_per_second": 0.112,
      "step": 28
    },
    {
      "epoch": 8.0,
      "grad_norm": 0.14720669388771057,
      "learning_rate": 0.000495406795861916,
      "loss": 0.5738,
      "step": 32
    },
    {
      "epoch": 8.0,
      "eval_accuracy": 0.8781144422112978,
      "eval_loss": 0.49011772871017456,
      "eval_mean_dice": 0.7848552445717958,
      "eval_mean_iou": 0.4390572211056489,
      "eval_runtime": 17.897,
      "eval_samples_per_second": 11.175,
      "eval_steps_per_second": 0.112,
      "step": 32
    },
    {
      "epoch": 9.0,
      "grad_norm": 0.21383945643901825,
      "learning_rate": 0.0004914814565722671,
      "loss": 0.5497,
      "step": 36
    },
    {
      "epoch": 9.0,
      "eval_accuracy": 0.9133007565644244,
      "eval_loss": 0.46592816710472107,
      "eval_mean_dice": 0.8085649832700005,
      "eval_mean_iou": 0.4566503782822122,
      "eval_runtime": 17.8504,
      "eval_samples_per_second": 11.204,
      "eval_steps_per_second": 0.112,
      "step": 36
    },
    {
      "epoch": 10.0,
      "grad_norm": 0.19391976296901703,
      "learning_rate": 0.00048637964389982923,
      "loss": 0.5243,
      "step": 40
    },
    {
      "epoch": 10.0,
      "eval_accuracy": 0.8798566321803403,
      "eval_loss": 0.5054715871810913,
      "eval_mean_dice": 0.7979639866697061,
      "eval_mean_iou": 0.43992831609017014,
      "eval_runtime": 17.8922,
      "eval_samples_per_second": 11.178,
      "eval_steps_per_second": 0.112,
      "step": 40
    },
    {
      "epoch": 11.0,
      "grad_norm": 0.17920655012130737,
      "learning_rate": 0.00048012621336311016,
      "loss": 0.4986,
      "step": 44
    },
    {
      "epoch": 11.0,
      "eval_accuracy": 0.9192373667356836,
      "eval_loss": 0.4683406949043274,
      "eval_mean_dice": 0.8261225984588383,
      "eval_mean_iou": 0.4596186833678418,
      "eval_runtime": 17.8187,
      "eval_samples_per_second": 11.224,
      "eval_steps_per_second": 0.112,
      "step": 44
    },
    {
      "epoch": 12.0,
      "grad_norm": 0.1513998955488205,
      "learning_rate": 0.00047275163104709196,
      "loss": 0.4916,
      "step": 48
    },
    {
      "epoch": 12.0,
      "eval_accuracy": 0.9211357809121287,
      "eval_loss": 0.4623315930366516,
      "eval_mean_dice": 0.8316899114187792,
      "eval_mean_iou": 0.46056789045606433,
      "eval_runtime": 17.5289,
      "eval_samples_per_second": 11.41,
      "eval_steps_per_second": 0.114,
      "step": 48
    },
    {
      "epoch": 13.0,
      "grad_norm": 0.17928162217140198,
      "learning_rate": 0.0004642918251755281,
      "loss": 0.4754,
      "step": 52
    },
    {
      "epoch": 13.0,
      "eval_accuracy": 0.9223717602071053,
      "eval_loss": 0.4520938992500305,
      "eval_mean_dice": 0.8369102907191203,
      "eval_mean_iou": 0.46118588010355266,
      "eval_runtime": 17.6522,
      "eval_samples_per_second": 11.33,
      "eval_steps_per_second": 0.113,
      "step": 52
    },
    {
      "epoch": 14.0,
      "grad_norm": 0.11922995001077652,
      "learning_rate": 0.00045478801107224796,
      "loss": 0.4595,
      "step": 56
    },
    {
      "epoch": 14.0,
      "eval_accuracy": 0.9255258820353064,
      "eval_loss": 0.4497959017753601,
      "eval_mean_dice": 0.8430111791735527,
      "eval_mean_iou": 0.4627629410176532,
      "eval_runtime": 17.4814,
      "eval_samples_per_second": 11.441,
      "eval_steps_per_second": 0.114,
      "step": 56
    },
    {
      "epoch": 15.0,
      "grad_norm": 0.12008465826511383,
      "learning_rate": 0.0004442864903642427,
      "loss": 0.4452,
      "step": 60
    },
    {
      "epoch": 15.0,
      "eval_accuracy": 0.9341670603120922,
      "eval_loss": 0.4379303753376007,
      "eval_mean_dice": 0.8513859777059887,
      "eval_mean_iou": 0.4670835301560461,
      "eval_runtime": 17.7711,
      "eval_samples_per_second": 11.254,
      "eval_steps_per_second": 0.113,
      "step": 60
    },
    {
      "epoch": 16.0,
      "grad_norm": 0.17589949071407318,
      "learning_rate": 0.0004328384254047926,
      "loss": 0.4397,
      "step": 64
    },
    {
      "epoch": 16.0,
      "eval_accuracy": 0.9479992342508291,
      "eval_loss": 0.41685962677001953,
      "eval_mean_dice": 0.8605092432534257,
      "eval_mean_iou": 0.47399961712541455,
      "eval_runtime": 17.6172,
      "eval_samples_per_second": 11.353,
      "eval_steps_per_second": 0.114,
      "step": 64
    },
    {
      "epoch": 17.0,
      "grad_norm": 0.24170422554016113,
      "learning_rate": 0.00042049959001562464,
      "loss": 0.4328,
      "step": 68
    },
    {
      "epoch": 17.0,
      "eval_accuracy": 0.9452375351716084,
      "eval_loss": 0.4040595591068268,
      "eval_mean_dice": 0.8621379058544008,
      "eval_mean_iou": 0.4726187675858042,
      "eval_runtime": 17.5801,
      "eval_samples_per_second": 11.377,
      "eval_steps_per_second": 0.114,
      "step": 68
    },
    {
      "epoch": 18.0,
      "grad_norm": 0.13046464323997498,
      "learning_rate": 0.0004073300977624594,
      "loss": 0.4128,
      "step": 72
    },
    {
      "epoch": 18.0,
      "eval_accuracy": 0.9523570341399665,
      "eval_loss": 0.38382989168167114,
      "eval_mean_dice": 0.8666109532877452,
      "eval_mean_iou": 0.47617851706998326,
      "eval_runtime": 17.5823,
      "eval_samples_per_second": 11.375,
      "eval_steps_per_second": 0.114,
      "step": 72
    },
    {
      "epoch": 19.0,
      "grad_norm": 0.17039886116981506,
      "learning_rate": 0.00039339410908776154,
      "loss": 0.4113,
      "step": 76
    },
    {
      "epoch": 19.0,
      "eval_accuracy": 0.9174097850347231,
      "eval_loss": 0.4188493490219116,
      "eval_mean_dice": 0.8479296519607887,
      "eval_mean_iou": 0.4587048925173616,
      "eval_runtime": 17.5369,
      "eval_samples_per_second": 11.405,
      "eval_steps_per_second": 0.114,
      "step": 76
    },
    {
      "epoch": 20.0,
      "grad_norm": 0.14562734961509705,
      "learning_rate": 0.0003787595187275136,
      "loss": 0.4118,
      "step": 80
    },
    {
      "epoch": 20.0,
      "eval_accuracy": 0.9506130383716765,
      "eval_loss": 0.3784400224685669,
      "eval_mean_dice": 0.8682705313245836,
      "eval_mean_iou": 0.47530651918583827,
      "eval_runtime": 17.6007,
      "eval_samples_per_second": 11.363,
      "eval_steps_per_second": 0.114,
      "step": 80
    },
    {
      "epoch": 21.0,
      "grad_norm": 0.26184535026550293,
      "learning_rate": 0.00036349762493488667,
      "loss": 0.4012,
      "step": 84
    },
    {
      "epoch": 21.0,
      "eval_accuracy": 0.9406737161608175,
      "eval_loss": 0.3836807906627655,
      "eval_mean_dice": 0.8650376523168981,
      "eval_mean_iou": 0.47033685808040876,
      "eval_runtime": 17.9277,
      "eval_samples_per_second": 11.156,
      "eval_steps_per_second": 0.112,
      "step": 84
    },
    {
      "epoch": 22.0,
      "grad_norm": 0.21015267074108124,
      "learning_rate": 0.0003476827821223184,
      "loss": 0.4012,
      "step": 88
    },
    {
      "epoch": 22.0,
      "eval_accuracy": 0.9457069978309868,
      "eval_loss": 0.369586706161499,
      "eval_mean_dice": 0.8690419791665356,
      "eval_mean_iou": 0.4728534989154934,
      "eval_runtime": 17.975,
      "eval_samples_per_second": 11.127,
      "eval_steps_per_second": 0.111,
      "step": 88
    },
    {
      "epoch": 23.0,
      "grad_norm": 0.1687413454055786,
      "learning_rate": 0.0003313920386142892,
      "loss": 0.3892,
      "step": 92
    },
    {
      "epoch": 23.0,
      "eval_accuracy": 0.9425641622480828,
      "eval_loss": 0.3595982491970062,
      "eval_mean_dice": 0.8683476995227553,
      "eval_mean_iou": 0.4712820811240414,
      "eval_runtime": 17.9676,
      "eval_samples_per_second": 11.131,
      "eval_steps_per_second": 0.111,
      "step": 92
    },
    {
      "epoch": 24.0,
      "grad_norm": 0.19289854168891907,
      "learning_rate": 0.00031470476127563017,
      "loss": 0.3822,
      "step": 96
    },
    {
      "epoch": 24.0,
      "eval_accuracy": 0.955367730362932,
      "eval_loss": 0.3481088876724243,
      "eval_mean_dice": 0.8745974549559846,
      "eval_mean_iou": 0.477683865181466,
      "eval_runtime": 18.2617,
      "eval_samples_per_second": 10.952,
      "eval_steps_per_second": 0.11,
      "step": 96
    },
    {
      "epoch": 25.0,
      "grad_norm": 0.3465065360069275,
      "learning_rate": 0.0002977022488441362,
      "loss": 0.3878,
      "step": 100
    },
    {
      "epoch": 25.0,
      "eval_accuracy": 0.9415863671005227,
      "eval_loss": 0.3682083189487457,
      "eval_mean_dice": 0.8705023096277299,
      "eval_mean_iou": 0.47079318355026134,
      "eval_runtime": 17.9969,
      "eval_samples_per_second": 11.113,
      "eval_steps_per_second": 0.111,
      "step": 100
    },
    {
      "epoch": 26.0,
      "grad_norm": 0.1462867707014084,
      "learning_rate": 0.00028046733585128684,
      "loss": 0.3829,
      "step": 104
    },
    {
      "epoch": 26.0,
      "eval_accuracy": 0.9467747669260554,
      "eval_loss": 0.367035835981369,
      "eval_mean_dice": 0.8739862866006662,
      "eval_mean_iou": 0.4733873834630277,
      "eval_runtime": 17.8965,
      "eval_samples_per_second": 11.175,
      "eval_steps_per_second": 0.112,
      "step": 104
    },
    {
      "epoch": 27.0,
      "grad_norm": 0.2343873381614685,
      "learning_rate": 0.000263083989060736,
      "loss": 0.3761,
      "step": 108
    },
    {
      "epoch": 27.0,
      "eval_accuracy": 0.9505740782529108,
      "eval_loss": 0.350991427898407,
      "eval_mean_dice": 0.8762046531384913,
      "eval_mean_iou": 0.4752870391264554,
      "eval_runtime": 17.9995,
      "eval_samples_per_second": 11.111,
      "eval_steps_per_second": 0.111,
      "step": 108
    },
    {
      "epoch": 28.0,
      "grad_norm": 0.14376266300678253,
      "learning_rate": 0.0002456368983906791,
      "loss": 0.3674,
      "step": 112
    },
    {
      "epoch": 28.0,
      "eval_accuracy": 0.9459647531010821,
      "eval_loss": 0.3595536947250366,
      "eval_mean_dice": 0.8742883458414324,
      "eval_mean_iou": 0.47298237655054104,
      "eval_runtime": 17.9867,
      "eval_samples_per_second": 11.119,
      "eval_steps_per_second": 0.111,
      "step": 112
    },
    {
      "epoch": 29.0,
      "grad_norm": 0.18713970482349396,
      "learning_rate": 0.00022821106431308543,
      "loss": 0.3686,
      "step": 116
    },
    {
      "epoch": 29.0,
      "eval_accuracy": 0.9530817916679655,
      "eval_loss": 0.3414689004421234,
      "eval_mean_dice": 0.8773604557131579,
      "eval_mean_iou": 0.47654089583398274,
      "eval_runtime": 17.959,
      "eval_samples_per_second": 11.136,
      "eval_steps_per_second": 0.111,
      "step": 116
    },
    {
      "epoch": 30.0,
      "grad_norm": 0.28219330310821533,
      "learning_rate": 0.00021089138373994224,
      "loss": 0.3715,
      "step": 120
    },
    {
      "epoch": 30.0,
      "eval_accuracy": 0.9535723596060496,
      "eval_loss": 0.3466266691684723,
      "eval_mean_dice": 0.8773145127548514,
      "eval_mean_iou": 0.4767861798030248,
      "eval_runtime": 18.1002,
      "eval_samples_per_second": 11.05,
      "eval_steps_per_second": 0.11,
      "step": 120
    },
    {
      "epoch": 31.0,
      "grad_norm": 0.1842118799686432,
      "learning_rate": 0.0001937622364140338,
      "loss": 0.3689,
      "step": 124
    },
    {
      "epoch": 31.0,
      "eval_accuracy": 0.9395486806571114,
      "eval_loss": 0.3692058324813843,
      "eval_mean_dice": 0.869950589188718,
      "eval_mean_iou": 0.4697743403285557,
      "eval_runtime": 18.013,
      "eval_samples_per_second": 11.103,
      "eval_steps_per_second": 0.111,
      "step": 124
    },
    {
      "epoch": 32.0,
      "grad_norm": 0.27833184599876404,
      "learning_rate": 0.00017690707381931583,
      "loss": 0.3674,
      "step": 128
    },
    {
      "epoch": 32.0,
      "eval_accuracy": 0.9457334979349444,
      "eval_loss": 0.3531446158885956,
      "eval_mean_dice": 0.8739956954799137,
      "eval_mean_iou": 0.4728667489674722,
      "eval_runtime": 18.1838,
      "eval_samples_per_second": 10.999,
      "eval_steps_per_second": 0.11,
      "step": 128
    },
    {
      "epoch": 33.0,
      "grad_norm": 0.46512317657470703,
      "learning_rate": 0.00016040801261367493,
      "loss": 0.3676,
      "step": 132
    },
    {
      "epoch": 33.0,
      "eval_accuracy": 0.9502586276968568,
      "eval_loss": 0.3465900719165802,
      "eval_mean_dice": 0.8777738082827417,
      "eval_mean_iou": 0.4751293138484284,
      "eval_runtime": 17.8851,
      "eval_samples_per_second": 11.183,
      "eval_steps_per_second": 0.112,
      "step": 132
    },
    {
      "epoch": 34.0,
      "grad_norm": 0.2374444305896759,
      "learning_rate": 0.0001443454345648252,
      "loss": 0.3622,
      "step": 136
    },
    {
      "epoch": 34.0,
      "eval_accuracy": 0.9480030715742301,
      "eval_loss": 0.3506642282009125,
      "eval_mean_dice": 0.8776073435269056,
      "eval_mean_iou": 0.47400153578711507,
      "eval_runtime": 18.0682,
      "eval_samples_per_second": 11.069,
      "eval_steps_per_second": 0.111,
      "step": 136
    },
    {
      "epoch": 35.0,
      "grad_norm": 0.23761212825775146,
      "learning_rate": 0.00012879759493841575,
      "loss": 0.3747,
      "step": 140
    },
    {
      "epoch": 35.0,
      "eval_accuracy": 0.9390777056408631,
      "eval_loss": 0.35429632663726807,
      "eval_mean_dice": 0.873580266478998,
      "eval_mean_iou": 0.46953885282043156,
      "eval_runtime": 18.0518,
      "eval_samples_per_second": 11.079,
      "eval_steps_per_second": 0.111,
      "step": 140
    },
    {
      "epoch": 36.0,
      "grad_norm": 0.2733246982097626,
      "learning_rate": 0.00011384024124624323,
      "loss": 0.3642,
      "step": 144
    },
    {
      "epoch": 36.0,
      "eval_accuracy": 0.9577884268267459,
      "eval_loss": 0.3323681950569153,
      "eval_mean_dice": 0.8825707536343201,
      "eval_mean_iou": 0.47889421341337296,
      "eval_runtime": 17.9919,
      "eval_samples_per_second": 11.116,
      "eval_steps_per_second": 0.111,
      "step": 144
    },
    {
      "epoch": 37.0,
      "grad_norm": 0.11694230884313583,
      "learning_rate": 9.954624421198791e-05,
      "loss": 0.3562,
      "step": 148
    },
    {
      "epoch": 37.0,
      "eval_accuracy": 0.9544939041070488,
      "eval_loss": 0.3461422026157379,
      "eval_mean_dice": 0.8811824852462626,
      "eval_mean_iou": 0.4772469520535244,
      "eval_runtime": 18.0798,
      "eval_samples_per_second": 11.062,
      "eval_steps_per_second": 0.111,
      "step": 148
    },
    {
      "epoch": 38.0,
      "grad_norm": 0.16576862335205078,
      "learning_rate": 8.598524275237321e-05,
      "loss": 0.3578,
      "step": 152
    },
    {
      "epoch": 38.0,
      "eval_accuracy": 0.9469749623451355,
      "eval_loss": 0.35370826721191406,
      "eval_mean_dice": 0.878573549129467,
      "eval_mean_iou": 0.4734874811725677,
      "eval_runtime": 18.0132,
      "eval_samples_per_second": 11.103,
      "eval_steps_per_second": 0.111,
      "step": 152
    },
    {
      "epoch": 39.0,
      "grad_norm": 0.1758710891008377,
      "learning_rate": 7.322330470336314e-05,
      "loss": 0.3526,
      "step": 156
    },
    {
      "epoch": 39.0,
      "eval_accuracy": 0.9484905245086122,
      "eval_loss": 0.34401148557662964,
      "eval_mean_dice": 0.8796309370739801,
      "eval_mean_iou": 0.4742452622543061,
      "eval_runtime": 17.8801,
      "eval_samples_per_second": 11.186,
      "eval_steps_per_second": 0.112,
      "step": 156
    },
    {
      "epoch": 40.0,
      "grad_norm": 0.14394599199295044,
      "learning_rate": 6.1322604944307e-05,
      "loss": 0.366,
      "step": 160
    },
    {
      "epoch": 40.0,
      "eval_accuracy": 0.9537216766313302,
      "eval_loss": 0.33853527903556824,
      "eval_mean_dice": 0.8815794215979292,
      "eval_mean_iou": 0.4768608383156651,
      "eval_runtime": 18.1471,
      "eval_samples_per_second": 11.021,
      "eval_steps_per_second": 0.11,
      "step": 160
    },
    {
      "epoch": 41.0,
      "grad_norm": 0.46395429968833923,
      "learning_rate": 5.0341122488176846e-05,
      "loss": 0.3676,
      "step": 164
    },
    {
      "epoch": 41.0,
      "eval_accuracy": 0.9530826494226081,
      "eval_loss": 0.3431958854198456,
      "eval_mean_dice": 0.8810531180947498,
      "eval_mean_iou": 0.47654132471130406,
      "eval_runtime": 18.0196,
      "eval_samples_per_second": 11.099,
      "eval_steps_per_second": 0.111,
      "step": 164
    },
    {
      "epoch": 42.0,
      "grad_norm": 0.20803077518939972,
      "learning_rate": 4.033235801364402e-05,
      "loss": 0.3776,
      "step": 168
    },
    {
      "epoch": 42.0,
      "eval_accuracy": 0.9456637940839895,
      "eval_loss": 0.3516277074813843,
      "eval_mean_dice": 0.8775885408137898,
      "eval_mean_iou": 0.47283189704199474,
      "eval_runtime": 18.0138,
      "eval_samples_per_second": 11.103,
      "eval_steps_per_second": 0.111,
      "step": 168
    },
    {
      "epoch": 43.0,
      "grad_norm": 0.38972756266593933,
      "learning_rate": 3.134507321515106e-05,
      "loss": 0.3601,
      "step": 172
    },
    {
      "epoch": 43.0,
      "eval_accuracy": 0.9445346278145046,
      "eval_loss": 0.3482072353363037,
      "eval_mean_dice": 0.8768154384915722,
      "eval_mean_iou": 0.4722673139072523,
      "eval_runtime": 17.9009,
      "eval_samples_per_second": 11.173,
      "eval_steps_per_second": 0.112,
      "step": 172
    },
    {
      "epoch": 44.0,
      "grad_norm": 0.24557839334011078,
      "learning_rate": 2.3423053240837516e-05,
      "loss": 0.3574,
      "step": 176
    },
    {
      "epoch": 44.0,
      "eval_accuracy": 0.9499522287095309,
      "eval_loss": 0.3426576554775238,
      "eval_mean_dice": 0.8791857838957415,
      "eval_mean_iou": 0.47497611435476544,
      "eval_runtime": 17.8961,
      "eval_samples_per_second": 11.176,
      "eval_steps_per_second": 0.112,
      "step": 176
    },
    {
      "epoch": 45.0,
      "grad_norm": 0.292664498090744,
      "learning_rate": 1.6604893375699592e-05,
      "loss": 0.3642,
      "step": 180
    },
    {
      "epoch": 45.0,
      "eval_accuracy": 0.9524981799236522,
      "eval_loss": 0.3428235948085785,
      "eval_mean_dice": 0.8801055149217347,
      "eval_mean_iou": 0.4762490899618261,
      "eval_runtime": 17.9791,
      "eval_samples_per_second": 11.124,
      "eval_steps_per_second": 0.111,
      "step": 180
    },
    {
      "epoch": 46.0,
      "grad_norm": 0.2817455530166626,
      "learning_rate": 1.0923811009241142e-05,
      "loss": 0.3604,
      "step": 184
    },
    {
      "epoch": 46.0,
      "eval_accuracy": 0.9519946328034765,
      "eval_loss": 0.34557706117630005,
      "eval_mean_dice": 0.8799138115798724,
      "eval_mean_iou": 0.47599731640173826,
      "eval_runtime": 18.0196,
      "eval_samples_per_second": 11.099,
      "eval_steps_per_second": 0.111,
      "step": 184
    }
  ],
  "logging_steps": 500,
  "max_steps": 200,
  "num_input_tokens_seen": 0,
  "num_train_epochs": 50,
  "save_steps": 500,
  "stateful_callbacks": {
    "EarlyStoppingCallback": {
      "args": {
        "early_stopping_patience": 10,
        "early_stopping_threshold": 0.0
      },
      "attributes": {
        "early_stopping_patience_counter": 10
      }
    },
    "TrainerControl": {
      "args": {
        "should_epoch_stop": false,
        "should_evaluate": false,
        "should_log": false,
        "should_save": true,
        "should_training_stop": true
      },
      "attributes": {}
    }
  },
  "total_flos": 6.905485445824512e+17,
  "train_batch_size": 64,
  "trial_name": null,
  "trial_params": null
}
