{
  "alpha_pattern": {},
  "auto_mapping": {
    "base_model_class": "SegformerForSemanticSegmentation",
    "parent_library": "transformers.models.segformer.modeling_segformer"
  },
  "base_model_name_or_path": "nvidia/segformer-b0-finetuned-ade-512-512",
  "bias": "none",
  "corda_config": null,
  "eva_config": null,
  "exclude_modules": null,
  "fan_in_fan_out": false,
  "inference_mode": true,
  "init_lora_weights": true,
  "layer_replication": null,
  "layers_pattern": null,
  "layers_to_transform": null,
  "loftq_config": {},
  "lora_alpha": 16,
  "lora_bias": false,
  "lora_dropout": 0.0,
  "megatron_config": null,
  "megatron_core": "megatron.core",
  "modules_to_save": null,
  "peft_type": "LORA",
  "qalora_group_size": 16,
  "r": 8,
  "rank_pattern": {},
  "revision": null,
  "target_modules": [
    "mlp.dense.1",
    "attention.output.dense",
    "mlp.dense.2",
    "query",
    "value",
    "key"
  ],
  "target_parameters": null,
  "task_type": null,
  "trainable_token_indices": null,
  "use_dora": false,
  "use_qalora": false,
  "use_rslora": false
}