{
  "best_global_step": 116,
  "best_metric": 0.32326218485832214,
  "best_model_checkpoint": "./outputs/lora_r32_alpha64/checkpoint-116",
  "epoch": 39.0,
  "eval_steps": 500,
  "global_step": 156,
  "is_hyper_param_search": false,
  "is_local_process_zero": true,
  "is_world_process_zero": true,
  "log_history": [
    {
      "epoch": 1.0,
      "grad_norm": 0.18798956274986267,
      "learning_rate": 7.5e-05,
      "loss": 0.6619,
      "step": 4
    },
    {
      "epoch": 1.0,
      "eval_accuracy": 0.682333128747726,
      "eval_loss": 0.6618354916572571,
      "eval_mean_dice": 0.4979956924132677,
      "eval_mean_iou": 0.341166564373863,
      "eval_runtime": 17.7817,
      "eval_samples_per_second": 11.248,
      "eval_steps_per_second": 0.112,
      "step": 4
    },
    {
      "epoch": 2.0,
      "grad_norm": 0.19465412199497223,
      "learning_rate": 0.000175,
      "loss": 0.658,
      "step": 8
    },
    {
      "epoch": 2.0,
      "eval_accuracy": 0.6834728849974205,
      "eval_loss": 0.6568669080734253,
      "eval_mean_dice": 0.5616953704131785,
      "eval_mean_iou": 0.34173644249871027,
      "eval_runtime": 17.5615,
      "eval_samples_per_second": 11.389,
      "eval_steps_per_second": 0.114,
      "step": 8
    },
    {
      "epoch": 3.0,
      "grad_norm": 0.14430353045463562,
      "learning_rate": 0.000275,
      "loss": 0.6455,
      "step": 12
    },
    {
      "epoch": 3.0,
      "eval_accuracy": 0.7397459912751667,
      "eval_loss": 0.6310576796531677,
      "eval_mean_dice": 0.6413592292820218,
      "eval_mean_iou": 0.36987299563758336,
      "eval_runtime": 17.5326,
      "eval_samples_per_second": 11.407,
      "eval_steps_per_second": 0.114,
      "step": 12
    },
    {
      "epoch": 4.0,
      "grad_norm": 0.23906287550926208,
      "learning_rate": 0.000375,
      "loss": 0.6318,
      "step": 16
    },
    {
      "epoch": 4.0,
      "eval_accuracy": 0.8310895860400851,
      "eval_loss": 0.5837289094924927,
      "eval_mean_dice": 0.7215035930327682,
      "eval_mean_iou": 0.41554479302004255,
      "eval_runtime": 18.0274,
      "eval_samples_per_second": 11.094,
      "eval_steps_per_second": 0.111,
      "step": 16
    },
    {
      "epoch": 5.0,
      "grad_norm": 0.1881866753101349,
      "learning_rate": 0.000475,
      "loss": 0.6115,
      "step": 20
    },
    {
      "epoch": 5.0,
      "eval_accuracy": 0.9036222869086425,
      "eval_loss": 0.522988498210907,
      "eval_mean_dice": 0.7803982877906557,
      "eval_mean_iou": 0.4518111434543213,
      "eval_runtime": 18.0185,
      "eval_samples_per_second": 11.1,
      "eval_steps_per_second": 0.111,
      "step": 20
    },
    {
      "epoch": 6.0,
      "grad_norm": 0.24848462641239166,
      "learning_rate": 0.0004996573836886434,
      "loss": 0.5877,
      "step": 24
    },
    {
      "epoch": 6.0,
      "eval_accuracy": 0.8231493015748899,
      "eval_loss": 0.5340310335159302,
      "eval_mean_dice": 0.7394014720234511,
      "eval_mean_iou": 0.41157465078744493,
      "eval_runtime": 17.8894,
      "eval_samples_per_second": 11.18,
      "eval_steps_per_second": 0.112,
      "step": 24
    },
    {
      "epoch": 7.0,
      "grad_norm": 0.34483885765075684,
      "learning_rate": 0.0004981365379103306,
      "loss": 0.5596,
      "step": 28
    },
    {
      "epoch": 7.0,
      "eval_accuracy": 0.8480419758714621,
      "eval_loss": 0.5225646495819092,
      "eval_mean_dice": 0.7594466848506587,
      "eval_mean_iou": 0.42402098793573106,
      "eval_runtime": 17.932,
      "eval_samples_per_second": 11.153,
      "eval_steps_per_second": 0.112,
      "step": 28
    },
    {
      "epoch": 8.0,
      "grad_norm": 0.2938182055950165,
      "learning_rate": 0.000495406795861916,
      "loss": 0.5266,
      "step": 32
    },
    {
      "epoch": 8.0,
      "eval_accuracy": 0.8631606108123513,
      "eval_loss": 0.5063934922218323,
      "eval_mean_dice": 0.7833759322702398,
      "eval_mean_iou": 0.43158030540617565,
      "eval_runtime": 17.9486,
      "eval_samples_per_second": 11.143,
      "eval_steps_per_second": 0.111,
      "step": 32
    },
    {
      "epoch": 9.0,
      "grad_norm": 0.5876015424728394,
      "learning_rate": 0.0004914814565722671,
      "loss": 0.5006,
      "step": 36
    },
    {
      "epoch": 9.0,
      "eval_accuracy": 0.8730085798122165,
      "eval_loss": 0.5024294853210449,
      "eval_mean_dice": 0.7982836491949931,
      "eval_mean_iou": 0.43650428990610823,
      "eval_runtime": 17.7183,
      "eval_samples_per_second": 11.288,
      "eval_steps_per_second": 0.113,
      "step": 36
    },
    {
      "epoch": 10.0,
      "grad_norm": 0.27118638157844543,
      "learning_rate": 0.00048637964389982923,
      "loss": 0.485,
      "step": 40
    },
    {
      "epoch": 10.0,
      "eval_accuracy": 0.9630437606502339,
      "eval_loss": 0.43452349305152893,
      "eval_mean_dice": 0.8471029297272478,
      "eval_mean_iou": 0.48152188032511695,
      "eval_runtime": 17.9259,
      "eval_samples_per_second": 11.157,
      "eval_steps_per_second": 0.112,
      "step": 40
    },
    {
      "epoch": 11.0,
      "grad_norm": 0.5588811039924622,
      "learning_rate": 0.00048012621336311016,
      "loss": 0.4652,
      "step": 44
    },
    {
      "epoch": 11.0,
      "eval_accuracy": 0.9380894631797335,
      "eval_loss": 0.45429953932762146,
      "eval_mean_dice": 0.8493494334473778,
      "eval_mean_iou": 0.46904473158986676,
      "eval_runtime": 17.6902,
      "eval_samples_per_second": 11.306,
      "eval_steps_per_second": 0.113,
      "step": 44
    },
    {
      "epoch": 12.0,
      "grad_norm": 0.32350626587867737,
      "learning_rate": 0.00047275163104709196,
      "loss": 0.4513,
      "step": 48
    },
    {
      "epoch": 12.0,
      "eval_accuracy": 0.9293198543122814,
      "eval_loss": 0.46035683155059814,
      "eval_mean_dice": 0.8473211451797897,
      "eval_mean_iou": 0.4646599271561407,
      "eval_runtime": 17.7217,
      "eval_samples_per_second": 11.286,
      "eval_steps_per_second": 0.113,
      "step": 48
    },
    {
      "epoch": 13.0,
      "grad_norm": 0.4696349501609802,
      "learning_rate": 0.0004642918251755281,
      "loss": 0.4288,
      "step": 52
    },
    {
      "epoch": 13.0,
      "eval_accuracy": 0.9677882682237424,
      "eval_loss": 0.3981909453868866,
      "eval_mean_dice": 0.8615214218045002,
      "eval_mean_iou": 0.4838941341118712,
      "eval_runtime": 17.8819,
      "eval_samples_per_second": 11.185,
      "eval_steps_per_second": 0.112,
      "step": 52
    },
    {
      "epoch": 14.0,
      "grad_norm": 0.37760600447654724,
      "learning_rate": 0.00045478801107224796,
      "loss": 0.422,
      "step": 56
    },
    {
      "epoch": 14.0,
      "eval_accuracy": 0.9064135850898076,
      "eval_loss": 0.47033149003982544,
      "eval_mean_dice": 0.8339398901057786,
      "eval_mean_iou": 0.4532067925449038,
      "eval_runtime": 17.6921,
      "eval_samples_per_second": 11.304,
      "eval_steps_per_second": 0.113,
      "step": 56
    },
    {
      "epoch": 15.0,
      "grad_norm": 0.4052249789237976,
      "learning_rate": 0.0004442864903642427,
      "loss": 0.4033,
      "step": 60
    },
    {
      "epoch": 15.0,
      "eval_accuracy": 0.9644818466280941,
      "eval_loss": 0.3656656742095947,
      "eval_mean_dice": 0.8682503865585687,
      "eval_mean_iou": 0.48224092331404705,
      "eval_runtime": 17.7046,
      "eval_samples_per_second": 11.297,
      "eval_steps_per_second": 0.113,
      "step": 60
    },
    {
      "epoch": 16.0,
      "grad_norm": 0.7154248952865601,
      "learning_rate": 0.0004328384254047926,
      "loss": 0.4162,
      "step": 64
    },
    {
      "epoch": 16.0,
      "eval_accuracy": 0.9488526521113214,
      "eval_loss": 0.3792994022369385,
      "eval_mean_dice": 0.8659283956370374,
      "eval_mean_iou": 0.4744263260556607,
      "eval_runtime": 17.8377,
      "eval_samples_per_second": 11.212,
      "eval_steps_per_second": 0.112,
      "step": 64
    },
    {
      "epoch": 17.0,
      "grad_norm": 0.2776426076889038,
      "learning_rate": 0.00042049959001562464,
      "loss": 0.3935,
      "step": 68
    },
    {
      "epoch": 17.0,
      "eval_accuracy": 0.938883389450762,
      "eval_loss": 0.40395522117614746,
      "eval_mean_dice": 0.8613052039197009,
      "eval_mean_iou": 0.469441694725381,
      "eval_runtime": 17.7175,
      "eval_samples_per_second": 11.288,
      "eval_steps_per_second": 0.113,
      "step": 68
    },
    {
      "epoch": 18.0,
      "grad_norm": 0.4704855978488922,
      "learning_rate": 0.0004073300977624594,
      "loss": 0.398,
      "step": 72
    },
    {
      "epoch": 18.0,
      "eval_accuracy": 0.9584987677522252,
      "eval_loss": 0.35824355483055115,
      "eval_mean_dice": 0.8745301822166651,
      "eval_mean_iou": 0.4792493838761126,
      "eval_runtime": 18.2034,
      "eval_samples_per_second": 10.987,
      "eval_steps_per_second": 0.11,
      "step": 72
    },
    {
      "epoch": 19.0,
      "grad_norm": 0.34222057461738586,
      "learning_rate": 0.00039339410908776154,
      "loss": 0.3809,
      "step": 76
    },
    {
      "epoch": 19.0,
      "eval_accuracy": 0.9420975125195061,
      "eval_loss": 0.3879503607749939,
      "eval_mean_dice": 0.8673505122754888,
      "eval_mean_iou": 0.47104875625975307,
      "eval_runtime": 18.2252,
      "eval_samples_per_second": 10.974,
      "eval_steps_per_second": 0.11,
      "step": 76
    },
    {
      "epoch": 20.0,
      "grad_norm": 0.3067414164543152,
      "learning_rate": 0.0003787595187275136,
      "loss": 0.3823,
      "step": 80
    },
    {
      "epoch": 20.0,
      "eval_accuracy": 0.9524134906796539,
      "eval_loss": 0.3480267822742462,
      "eval_mean_dice": 0.8746294697828362,
      "eval_mean_iou": 0.47620674533982693,
      "eval_runtime": 18.0573,
      "eval_samples_per_second": 11.076,
      "eval_steps_per_second": 0.111,
      "step": 80
    },
    {
      "epoch": 21.0,
      "grad_norm": 0.7451118230819702,
      "learning_rate": 0.00036349762493488667,
      "loss": 0.37,
      "step": 84
    },
    {
      "epoch": 21.0,
      "eval_accuracy": 0.9155181252168817,
      "eval_loss": 0.404010534286499,
      "eval_mean_dice": 0.8513337740410842,
      "eval_mean_iou": 0.45775906260844085,
      "eval_runtime": 18.0766,
      "eval_samples_per_second": 11.064,
      "eval_steps_per_second": 0.111,
      "step": 84
    },
    {
      "epoch": 22.0,
      "grad_norm": 0.3266447186470032,
      "learning_rate": 0.0003476827821223184,
      "loss": 0.3744,
      "step": 88
    },
    {
      "epoch": 22.0,
      "eval_accuracy": 0.9619144944176193,
      "eval_loss": 0.33285877108573914,
      "eval_mean_dice": 0.8794689887330496,
      "eval_mean_iou": 0.48095724720880967,
      "eval_runtime": 18.0065,
      "eval_samples_per_second": 11.107,
      "eval_steps_per_second": 0.111,
      "step": 88
    },
    {
      "epoch": 23.0,
      "grad_norm": 0.2946133017539978,
      "learning_rate": 0.0003313920386142892,
      "loss": 0.3688,
      "step": 92
    },
    {
      "epoch": 23.0,
      "eval_accuracy": 0.9341022803457972,
      "eval_loss": 0.3825521469116211,
      "eval_mean_dice": 0.8648232590627172,
      "eval_mean_iou": 0.4670511401728986,
      "eval_runtime": 18.0497,
      "eval_samples_per_second": 11.081,
      "eval_steps_per_second": 0.111,
      "step": 92
    },
    {
      "epoch": 24.0,
      "grad_norm": 0.22949723899364471,
      "learning_rate": 0.00031470476127563017,
      "loss": 0.3532,
      "step": 96
    },
    {
      "epoch": 24.0,
      "eval_accuracy": 0.9563204089889638,
      "eval_loss": 0.3398846387863159,
      "eval_mean_dice": 0.8759651445798549,
      "eval_mean_iou": 0.4781602044944819,
      "eval_runtime": 18.084,
      "eval_samples_per_second": 11.06,
      "eval_steps_per_second": 0.111,
      "step": 96
    },
    {
      "epoch": 25.0,
      "grad_norm": 0.35615819692611694,
      "learning_rate": 0.0002977022488441362,
      "loss": 0.3609,
      "step": 100
    },
    {
      "epoch": 25.0,
      "eval_accuracy": 0.9382615721179706,
      "eval_loss": 0.3623221218585968,
      "eval_mean_dice": 0.8688249554811686,
      "eval_mean_iou": 0.4691307860589853,
      "eval_runtime": 18.4056,
      "eval_samples_per_second": 10.866,
      "eval_steps_per_second": 0.109,
      "step": 100
    },
    {
      "epoch": 26.0,
      "grad_norm": 0.2493991255760193,
      "learning_rate": 0.00028046733585128684,
      "loss": 0.3519,
      "step": 104
    },
    {
      "epoch": 26.0,
      "eval_accuracy": 0.9537375033981865,
      "eval_loss": 0.34286704659461975,
      "eval_mean_dice": 0.8789364923446843,
      "eval_mean_iou": 0.47686875169909326,
      "eval_runtime": 18.0756,
      "eval_samples_per_second": 11.065,
      "eval_steps_per_second": 0.111,
      "step": 104
    },
    {
      "epoch": 27.0,
      "grad_norm": 0.49382641911506653,
      "learning_rate": 0.000263083989060736,
      "loss": 0.3524,
      "step": 108
    },
    {
      "epoch": 27.0,
      "eval_accuracy": 0.946777286243026,
      "eval_loss": 0.3576820492744446,
      "eval_mean_dice": 0.8766128855651789,
      "eval_mean_iou": 0.473388643121513,
      "eval_runtime": 18.0977,
      "eval_samples_per_second": 11.051,
      "eval_steps_per_second": 0.111,
      "step": 108
    },
    {
      "epoch": 28.0,
      "grad_norm": 0.2961258590221405,
      "learning_rate": 0.0002456368983906791,
      "loss": 0.3515,
      "step": 112
    },
    {
      "epoch": 28.0,
      "eval_accuracy": 0.9472497457135849,
      "eval_loss": 0.3434705436229706,
      "eval_mean_dice": 0.8770358122858861,
      "eval_mean_iou": 0.47362487285679244,
      "eval_runtime": 18.0962,
      "eval_samples_per_second": 11.052,
      "eval_steps_per_second": 0.111,
      "step": 112
    },
    {
      "epoch": 29.0,
      "grad_norm": 0.6083419322967529,
      "learning_rate": 0.00022821106431308543,
      "loss": 0.3476,
      "step": 116
    },
    {
      "epoch": 29.0,
      "eval_accuracy": 0.9565947161239032,
      "eval_loss": 0.32326218485832214,
      "eval_mean_dice": 0.8821825337061286,
      "eval_mean_iou": 0.4782973580619516,
      "eval_runtime": 18.1274,
      "eval_samples_per_second": 11.033,
      "eval_steps_per_second": 0.11,
      "step": 116
    },
    {
      "epoch": 30.0,
      "grad_norm": 0.5542066693305969,
      "learning_rate": 0.00021089138373994224,
      "loss": 0.3523,
      "step": 120
    },
    {
      "epoch": 30.0,
      "eval_accuracy": 0.9373039152989702,
      "eval_loss": 0.36768341064453125,
      "eval_mean_dice": 0.8720556766938846,
      "eval_mean_iou": 0.4686519576494851,
      "eval_runtime": 18.06,
      "eval_samples_per_second": 11.074,
      "eval_steps_per_second": 0.111,
      "step": 120
    },
    {
      "epoch": 31.0,
      "grad_norm": 0.30338895320892334,
      "learning_rate": 0.0001937622364140338,
      "loss": 0.3458,
      "step": 124
    },
    {
      "epoch": 31.0,
      "eval_accuracy": 0.9478880246532657,
      "eval_loss": 0.32559898495674133,
      "eval_mean_dice": 0.8795629388269252,
      "eval_mean_iou": 0.47394401232663286,
      "eval_runtime": 18.0613,
      "eval_samples_per_second": 11.073,
      "eval_steps_per_second": 0.111,
      "step": 124
    },
    {
      "epoch": 32.0,
      "grad_norm": 0.328293114900589,
      "learning_rate": 0.00017690707381931583,
      "loss": 0.3453,
      "step": 128
    },
    {
      "epoch": 32.0,
      "eval_accuracy": 0.9527626583910271,
      "eval_loss": 0.33147239685058594,
      "eval_mean_dice": 0.8810373292039231,
      "eval_mean_iou": 0.47638132919551357,
      "eval_runtime": 18.2079,
      "eval_samples_per_second": 10.984,
      "eval_steps_per_second": 0.11,
      "step": 128
    },
    {
      "epoch": 33.0,
      "grad_norm": 0.36474767327308655,
      "learning_rate": 0.00016040801261367493,
      "loss": 0.3417,
      "step": 132
    },
    {
      "epoch": 33.0,
      "eval_accuracy": 0.9262495943349185,
      "eval_loss": 0.3679739832878113,
      "eval_mean_dice": 0.8648603934857257,
      "eval_mean_iou": 0.46312479716745925,
      "eval_runtime": 18.1743,
      "eval_samples_per_second": 11.005,
      "eval_steps_per_second": 0.11,
      "step": 132
    },
    {
      "epoch": 34.0,
      "grad_norm": 0.2556169629096985,
      "learning_rate": 0.0001443454345648252,
      "loss": 0.3472,
      "step": 136
    },
    {
      "epoch": 34.0,
      "eval_accuracy": 0.9551105603524174,
      "eval_loss": 0.3271065652370453,
      "eval_mean_dice": 0.8817008001227404,
      "eval_mean_iou": 0.4775552801762087,
      "eval_runtime": 18.3111,
      "eval_samples_per_second": 10.922,
      "eval_steps_per_second": 0.109,
      "step": 136
    },
    {
      "epoch": 35.0,
      "grad_norm": 0.2719625234603882,
      "learning_rate": 0.00012879759493841575,
      "loss": 0.341,
      "step": 140
    },
    {
      "epoch": 35.0,
      "eval_accuracy": 0.9492800408375003,
      "eval_loss": 0.34466835856437683,
      "eval_mean_dice": 0.8789772504940071,
      "eval_mean_iou": 0.47464002041875014,
      "eval_runtime": 18.1487,
      "eval_samples_per_second": 11.02,
      "eval_steps_per_second": 0.11,
      "step": 140
    },
    {
      "epoch": 36.0,
      "grad_norm": 0.43157902359962463,
      "learning_rate": 0.00011384024124624323,
      "loss": 0.3362,
      "step": 144
    },
    {
      "epoch": 36.0,
      "eval_accuracy": 0.9348412362026475,
      "eval_loss": 0.3508254289627075,
      "eval_mean_dice": 0.8709414780852827,
      "eval_mean_iou": 0.46742061810132374,
      "eval_runtime": 18.0912,
      "eval_samples_per_second": 11.055,
      "eval_steps_per_second": 0.111,
      "step": 144
    },
    {
      "epoch": 37.0,
      "grad_norm": 0.5304576754570007,
      "learning_rate": 9.954624421198791e-05,
      "loss": 0.3454,
      "step": 148
    },
    {
      "epoch": 37.0,
      "eval_accuracy": 0.9520729738265219,
      "eval_loss": 0.3239889144897461,
      "eval_mean_dice": 0.8807208567054073,
      "eval_mean_iou": 0.47603648691326095,
      "eval_runtime": 18.0972,
      "eval_samples_per_second": 11.051,
      "eval_steps_per_second": 0.111,
      "step": 148
    },
    {
      "epoch": 38.0,
      "grad_norm": 0.28747251629829407,
      "learning_rate": 8.598524275237321e-05,
      "loss": 0.338,
      "step": 152
    },
    {
      "epoch": 38.0,
      "eval_accuracy": 0.9531387323150403,
      "eval_loss": 0.3351215422153473,
      "eval_mean_dice": 0.8809525981664807,
      "eval_mean_iou": 0.47656936615752016,
      "eval_runtime": 18.0679,
      "eval_samples_per_second": 11.069,
      "eval_steps_per_second": 0.111,
      "step": 152
    },
    {
      "epoch": 39.0,
      "grad_norm": 0.8882694840431213,
      "learning_rate": 7.322330470336314e-05,
      "loss": 0.342,
      "step": 156
    },
    {
      "epoch": 39.0,
      "eval_accuracy": 0.9424095110578062,
      "eval_loss": 0.3459455966949463,
      "eval_mean_dice": 0.8762861438488725,
      "eval_mean_iou": 0.4712047555289031,
      "eval_runtime": 18.083,
      "eval_samples_per_second": 11.06,
      "eval_steps_per_second": 0.111,
      "step": 156
    }
  ],
  "logging_steps": 500,
  "max_steps": 200,
  "num_input_tokens_seen": 0,
  "num_train_epochs": 50,
  "save_steps": 500,
  "stateful_callbacks": {
    "EarlyStoppingCallback": {
      "args": {
        "early_stopping_patience": 10,
        "early_stopping_threshold": 0.0
      },
      "attributes": {
        "early_stopping_patience_counter": 10
      }
    },
    "TrainerControl": {
      "args": {
        "should_epoch_stop": false,
        "should_evaluate": false,
        "should_log": false,
        "should_save": true,
        "should_training_stop": true
      },
      "attributes": {}
    }
  },
  "total_flos": 5.854650704068608e+17,
  "train_batch_size": 64,
  "trial_name": null,
  "trial_params": null
}
