{
  "best_global_step": 120,
  "best_metric": 0.28677478432655334,
  "best_model_checkpoint": "./outputs/lora_r16_alpha64/checkpoint-120",
  "epoch": 30.0,
  "eval_steps": 500,
  "global_step": 120,
  "is_hyper_param_search": false,
  "is_local_process_zero": true,
  "is_world_process_zero": true,
  "log_history": [
    {
      "epoch": 1.0,
      "grad_norm": 0.323611319065094,
      "learning_rate": 7.5e-05,
      "loss": 0.6535,
      "step": 4
    },
    {
      "epoch": 1.0,
      "eval_accuracy": 0.6292144761299189,
      "eval_loss": 0.6789734363555908,
      "eval_mean_dice": 0.45768408615534223,
      "eval_mean_iou": 0.31460723806495944,
      "eval_runtime": 22.3752,
      "eval_samples_per_second": 8.938,
      "eval_steps_per_second": 0.089,
      "step": 4
    },
    {
      "epoch": 2.0,
      "grad_norm": 0.2485196739435196,
      "learning_rate": 0.000175,
      "loss": 0.6464,
      "step": 8
    },
    {
      "epoch": 2.0,
      "eval_accuracy": 0.7650235005444999,
      "eval_loss": 0.642869234085083,
      "eval_mean_dice": 0.5356519386504892,
      "eval_mean_iou": 0.38251175027224993,
      "eval_runtime": 17.9131,
      "eval_samples_per_second": 11.165,
      "eval_steps_per_second": 0.112,
      "step": 8
    },
    {
      "epoch": 3.0,
      "grad_norm": 0.2504686415195465,
      "learning_rate": 0.000275,
      "loss": 0.6334,
      "step": 12
    },
    {
      "epoch": 3.0,
      "eval_accuracy": 0.8471531628618139,
      "eval_loss": 0.5968331098556519,
      "eval_mean_dice": 0.6416875000819965,
      "eval_mean_iou": 0.42357658143090693,
      "eval_runtime": 17.8511,
      "eval_samples_per_second": 11.204,
      "eval_steps_per_second": 0.112,
      "step": 12
    },
    {
      "epoch": 4.0,
      "grad_norm": 0.4257872998714447,
      "learning_rate": 0.000375,
      "loss": 0.6169,
      "step": 16
    },
    {
      "epoch": 4.0,
      "eval_accuracy": 0.899043468623835,
      "eval_loss": 0.5509153604507446,
      "eval_mean_dice": 0.719751123590315,
      "eval_mean_iou": 0.4495217343119175,
      "eval_runtime": 17.8876,
      "eval_samples_per_second": 11.181,
      "eval_steps_per_second": 0.112,
      "step": 16
    },
    {
      "epoch": 5.0,
      "grad_norm": 0.2660328447818756,
      "learning_rate": 0.000475,
      "loss": 0.6039,
      "step": 20
    },
    {
      "epoch": 5.0,
      "eval_accuracy": 0.88130363030291,
      "eval_loss": 0.5184389352798462,
      "eval_mean_dice": 0.762762561346936,
      "eval_mean_iou": 0.440651815151455,
      "eval_runtime": 17.8778,
      "eval_samples_per_second": 11.187,
      "eval_steps_per_second": 0.112,
      "step": 20
    },
    {
      "epoch": 6.0,
      "grad_norm": 0.35083281993865967,
      "learning_rate": 0.0004996573836886434,
      "loss": 0.5799,
      "step": 24
    },
    {
      "epoch": 6.0,
      "eval_accuracy": 0.8862698390408293,
      "eval_loss": 0.4677235782146454,
      "eval_mean_dice": 0.7909582636686343,
      "eval_mean_iou": 0.44313491952041467,
      "eval_runtime": 17.8696,
      "eval_samples_per_second": 11.192,
      "eval_steps_per_second": 0.112,
      "step": 24
    },
    {
      "epoch": 7.0,
      "grad_norm": 0.42180120944976807,
      "learning_rate": 0.0004981365379103306,
      "loss": 0.5538,
      "step": 28
    },
    {
      "epoch": 7.0,
      "eval_accuracy": 0.884234553224641,
      "eval_loss": 0.4621967673301697,
      "eval_mean_dice": 0.79852132252693,
      "eval_mean_iou": 0.4421172766123205,
      "eval_runtime": 17.7787,
      "eval_samples_per_second": 11.249,
      "eval_steps_per_second": 0.112,
      "step": 28
    },
    {
      "epoch": 8.0,
      "grad_norm": 0.5500713586807251,
      "learning_rate": 0.000495406795861916,
      "loss": 0.5244,
      "step": 32
    },
    {
      "epoch": 8.0,
      "eval_accuracy": 0.9291874338866488,
      "eval_loss": 0.4567369818687439,
      "eval_mean_dice": 0.8341497864780187,
      "eval_mean_iou": 0.4645937169433244,
      "eval_runtime": 18.0775,
      "eval_samples_per_second": 11.063,
      "eval_steps_per_second": 0.111,
      "step": 32
    },
    {
      "epoch": 9.0,
      "grad_norm": 0.7779638767242432,
      "learning_rate": 0.0004914814565722671,
      "loss": 0.4899,
      "step": 36
    },
    {
      "epoch": 9.0,
      "eval_accuracy": 0.9612156204633265,
      "eval_loss": 0.42866307497024536,
      "eval_mean_dice": 0.8537250169109624,
      "eval_mean_iou": 0.48060781023166327,
      "eval_runtime": 17.9576,
      "eval_samples_per_second": 11.137,
      "eval_steps_per_second": 0.111,
      "step": 36
    },
    {
      "epoch": 10.0,
      "grad_norm": 0.5984027981758118,
      "learning_rate": 0.00048637964389982923,
      "loss": 0.4683,
      "step": 40
    },
    {
      "epoch": 10.0,
      "eval_accuracy": 0.8875052637775183,
      "eval_loss": 0.47075268626213074,
      "eval_mean_dice": 0.8202234257605157,
      "eval_mean_iou": 0.44375263188875913,
      "eval_runtime": 17.59,
      "eval_samples_per_second": 11.37,
      "eval_steps_per_second": 0.114,
      "step": 40
    },
    {
      "epoch": 11.0,
      "grad_norm": 0.63985675573349,
      "learning_rate": 0.00048012621336311016,
      "loss": 0.4493,
      "step": 44
    },
    {
      "epoch": 11.0,
      "eval_accuracy": 0.96542675563487,
      "eval_loss": 0.38878220319747925,
      "eval_mean_dice": 0.8598021024535631,
      "eval_mean_iou": 0.482713377817435,
      "eval_runtime": 17.7958,
      "eval_samples_per_second": 11.239,
      "eval_steps_per_second": 0.112,
      "step": 44
    },
    {
      "epoch": 12.0,
      "grad_norm": 0.8887253999710083,
      "learning_rate": 0.00047275163104709196,
      "loss": 0.436,
      "step": 48
    },
    {
      "epoch": 12.0,
      "eval_accuracy": 0.9578567606615271,
      "eval_loss": 0.37828850746154785,
      "eval_mean_dice": 0.8725739515432798,
      "eval_mean_iou": 0.47892838033076357,
      "eval_runtime": 17.6112,
      "eval_samples_per_second": 11.356,
      "eval_steps_per_second": 0.114,
      "step": 48
    },
    {
      "epoch": 13.0,
      "grad_norm": 0.33892425894737244,
      "learning_rate": 0.0004642918251755281,
      "loss": 0.4182,
      "step": 52
    },
    {
      "epoch": 13.0,
      "eval_accuracy": 0.9331131193851107,
      "eval_loss": 0.41441649198532104,
      "eval_mean_dice": 0.8627168324856834,
      "eval_mean_iou": 0.46655655969255533,
      "eval_runtime": 17.648,
      "eval_samples_per_second": 11.333,
      "eval_steps_per_second": 0.113,
      "step": 52
    },
    {
      "epoch": 14.0,
      "grad_norm": 0.710940957069397,
      "learning_rate": 0.00045478801107224796,
      "loss": 0.4117,
      "step": 56
    },
    {
      "epoch": 14.0,
      "eval_accuracy": 0.9706795908779491,
      "eval_loss": 0.3596978783607483,
      "eval_mean_dice": 0.8807687663430852,
      "eval_mean_iou": 0.48533979543897454,
      "eval_runtime": 17.6158,
      "eval_samples_per_second": 11.353,
      "eval_steps_per_second": 0.114,
      "step": 56
    },
    {
      "epoch": 15.0,
      "grad_norm": 0.7764039039611816,
      "learning_rate": 0.0004442864903642427,
      "loss": 0.4013,
      "step": 60
    },
    {
      "epoch": 15.0,
      "eval_accuracy": 0.9445726801646741,
      "eval_loss": 0.39550545811653137,
      "eval_mean_dice": 0.87671763816106,
      "eval_mean_iou": 0.47228634008233705,
      "eval_runtime": 17.5947,
      "eval_samples_per_second": 11.367,
      "eval_steps_per_second": 0.114,
      "step": 60
    },
    {
      "epoch": 16.0,
      "grad_norm": 0.5055940747261047,
      "learning_rate": 0.0004328384254047926,
      "loss": 0.3908,
      "step": 64
    },
    {
      "epoch": 16.0,
      "eval_accuracy": 0.9549240045975208,
      "eval_loss": 0.36858734488487244,
      "eval_mean_dice": 0.884402761356115,
      "eval_mean_iou": 0.4774620022987604,
      "eval_runtime": 17.6247,
      "eval_samples_per_second": 11.348,
      "eval_steps_per_second": 0.113,
      "step": 64
    },
    {
      "epoch": 17.0,
      "grad_norm": 0.527950644493103,
      "learning_rate": 0.00042049959001562464,
      "loss": 0.3861,
      "step": 68
    },
    {
      "epoch": 17.0,
      "eval_accuracy": 0.9472471668503242,
      "eval_loss": 0.36154434084892273,
      "eval_mean_dice": 0.8817232780364204,
      "eval_mean_iou": 0.4736235834251621,
      "eval_runtime": 17.6942,
      "eval_samples_per_second": 11.303,
      "eval_steps_per_second": 0.113,
      "step": 68
    },
    {
      "epoch": 18.0,
      "grad_norm": 0.3590649664402008,
      "learning_rate": 0.0004073300977624594,
      "loss": 0.3757,
      "step": 72
    },
    {
      "epoch": 18.0,
      "eval_accuracy": 0.9581105263940465,
      "eval_loss": 0.34793931245803833,
      "eval_mean_dice": 0.8894344043269591,
      "eval_mean_iou": 0.47905526319702324,
      "eval_runtime": 17.9619,
      "eval_samples_per_second": 11.135,
      "eval_steps_per_second": 0.111,
      "step": 72
    },
    {
      "epoch": 19.0,
      "grad_norm": 0.6845402121543884,
      "learning_rate": 0.00039339410908776154,
      "loss": 0.3723,
      "step": 76
    },
    {
      "epoch": 19.0,
      "eval_accuracy": 0.9455901193902932,
      "eval_loss": 0.3601306080818176,
      "eval_mean_dice": 0.8846816339710601,
      "eval_mean_iou": 0.4727950596951466,
      "eval_runtime": 18.0742,
      "eval_samples_per_second": 11.065,
      "eval_steps_per_second": 0.111,
      "step": 76
    },
    {
      "epoch": 20.0,
      "grad_norm": 0.5494585037231445,
      "learning_rate": 0.0003787595187275136,
      "loss": 0.3632,
      "step": 80
    },
    {
      "epoch": 20.0,
      "eval_accuracy": 0.9388938543407327,
      "eval_loss": 0.36032721400260925,
      "eval_mean_dice": 0.8814872772719887,
      "eval_mean_iou": 0.46944692717036635,
      "eval_runtime": 17.9788,
      "eval_samples_per_second": 11.124,
      "eval_steps_per_second": 0.111,
      "step": 80
    },
    {
      "epoch": 21.0,
      "grad_norm": 0.5788602828979492,
      "learning_rate": 0.00036349762493488667,
      "loss": 0.3583,
      "step": 84
    },
    {
      "epoch": 21.0,
      "eval_accuracy": 0.9676707254624345,
      "eval_loss": 0.32033440470695496,
      "eval_mean_dice": 0.8968847548208054,
      "eval_mean_iou": 0.48383536273121724,
      "eval_runtime": 18.0557,
      "eval_samples_per_second": 11.077,
      "eval_steps_per_second": 0.111,
      "step": 84
    },
    {
      "epoch": 22.0,
      "grad_norm": 0.7017720937728882,
      "learning_rate": 0.0003476827821223184,
      "loss": 0.3583,
      "step": 88
    },
    {
      "epoch": 22.0,
      "eval_accuracy": 0.9063685014738577,
      "eval_loss": 0.3940821886062622,
      "eval_mean_dice": 0.8564089709704059,
      "eval_mean_iou": 0.45318425073692886,
      "eval_runtime": 17.9114,
      "eval_samples_per_second": 11.166,
      "eval_steps_per_second": 0.112,
      "step": 88
    },
    {
      "epoch": 23.0,
      "grad_norm": 1.042691946029663,
      "learning_rate": 0.0003313920386142892,
      "loss": 0.3568,
      "step": 92
    },
    {
      "epoch": 23.0,
      "eval_accuracy": 0.9577100866481091,
      "eval_loss": 0.3257213532924652,
      "eval_mean_dice": 0.8988494168084424,
      "eval_mean_iou": 0.47885504332405454,
      "eval_runtime": 18.0099,
      "eval_samples_per_second": 11.105,
      "eval_steps_per_second": 0.111,
      "step": 92
    },
    {
      "epoch": 24.0,
      "grad_norm": 0.8504929542541504,
      "learning_rate": 0.00031470476127563017,
      "loss": 0.35,
      "step": 96
    },
    {
      "epoch": 24.0,
      "eval_accuracy": 0.9585058740781076,
      "eval_loss": 0.31625601649284363,
      "eval_mean_dice": 0.899849486169714,
      "eval_mean_iou": 0.4792529370390538,
      "eval_runtime": 17.9804,
      "eval_samples_per_second": 11.123,
      "eval_steps_per_second": 0.111,
      "step": 96
    },
    {
      "epoch": 25.0,
      "grad_norm": 0.637158989906311,
      "learning_rate": 0.0002977022488441362,
      "loss": 0.3583,
      "step": 100
    },
    {
      "epoch": 25.0,
      "eval_accuracy": 0.9428321681526473,
      "eval_loss": 0.34684374928474426,
      "eval_mean_dice": 0.8884828858427627,
      "eval_mean_iou": 0.4714160840763236,
      "eval_runtime": 18.1275,
      "eval_samples_per_second": 11.033,
      "eval_steps_per_second": 0.11,
      "step": 100
    },
    {
      "epoch": 26.0,
      "grad_norm": 0.2778596878051758,
      "learning_rate": 0.00028046733585128684,
      "loss": 0.3351,
      "step": 104
    },
    {
      "epoch": 26.0,
      "eval_accuracy": 0.9499402565353615,
      "eval_loss": 0.329444020986557,
      "eval_mean_dice": 0.8942972630274844,
      "eval_mean_iou": 0.47497012826768076,
      "eval_runtime": 18.1484,
      "eval_samples_per_second": 11.02,
      "eval_steps_per_second": 0.11,
      "step": 104
    },
    {
      "epoch": 27.0,
      "grad_norm": 0.5023408532142639,
      "learning_rate": 0.000263083989060736,
      "loss": 0.346,
      "step": 108
    },
    {
      "epoch": 27.0,
      "eval_accuracy": 0.9360958229182752,
      "eval_loss": 0.33249056339263916,
      "eval_mean_dice": 0.8843338808379538,
      "eval_mean_iou": 0.4680479114591376,
      "eval_runtime": 18.0533,
      "eval_samples_per_second": 11.078,
      "eval_steps_per_second": 0.111,
      "step": 108
    },
    {
      "epoch": 28.0,
      "grad_norm": 0.5631036758422852,
      "learning_rate": 0.0002456368983906791,
      "loss": 0.3436,
      "step": 112
    },
    {
      "epoch": 28.0,
      "eval_accuracy": 0.9613927789538429,
      "eval_loss": 0.3049984276294708,
      "eval_mean_dice": 0.9031772383054666,
      "eval_mean_iou": 0.48069638947692145,
      "eval_runtime": 17.9849,
      "eval_samples_per_second": 11.12,
      "eval_steps_per_second": 0.111,
      "step": 112
    },
    {
      "epoch": 29.0,
      "grad_norm": 0.5973150730133057,
      "learning_rate": 0.00022821106431308543,
      "loss": 0.3342,
      "step": 116
    },
    {
      "epoch": 29.0,
      "eval_accuracy": 0.9230167148854751,
      "eval_loss": 0.3594644069671631,
      "eval_mean_dice": 0.8744758217451043,
      "eval_mean_iou": 0.46150835744273755,
      "eval_runtime": 18.1498,
      "eval_samples_per_second": 11.019,
      "eval_steps_per_second": 0.11,
      "step": 116
    },
    {
      "epoch": 30.0,
      "grad_norm": 0.4185112416744232,
      "learning_rate": 0.00021089138373994224,
      "loss": 0.3364,
      "step": 120
    },
    {
      "epoch": 30.0,
      "eval_accuracy": 0.9671271874620854,
      "eval_loss": 0.28677478432655334,
      "eval_mean_dice": 0.9050703709485857,
      "eval_mean_iou": 0.4835635937310427,
      "eval_runtime": 18.2255,
      "eval_samples_per_second": 10.974,
      "eval_steps_per_second": 0.11,
      "step": 120
    }
  ],
  "logging_steps": 500,
  "max_steps": 200,
  "num_input_tokens_seen": 0,
  "num_train_epochs": 50,
  "save_steps": 500,
  "stateful_callbacks": {
    "EarlyStoppingCallback": {
      "args": {
        "early_stopping_patience": 10,
        "early_stopping_threshold": 0.0
      },
      "attributes": {
        "early_stopping_patience_counter": 0
      }
    },
    "TrainerControl": {
      "args": {
        "should_epoch_stop": false,
        "should_evaluate": false,
        "should_log": false,
        "should_save": true,
        "should_training_stop": false
      },
      "attributes": {}
    }
  },
  "total_flos": 4.3551433949184e+17,
  "train_batch_size": 64,
  "trial_name": null,
  "trial_params": null
}
