{
  "best_global_step": 164,
  "best_metric": 0.29870837926864624,
  "best_model_checkpoint": "./outputs/lora_r32_alpha128/checkpoint-164",
  "epoch": 41.0,
  "eval_steps": 500,
  "global_step": 164,
  "is_hyper_param_search": false,
  "is_local_process_zero": true,
  "is_world_process_zero": true,
  "log_history": [
    {
      "epoch": 1.0,
      "grad_norm": 0.49919402599334717,
      "learning_rate": 7.5e-05,
      "loss": 0.6824,
      "step": 4
    },
    {
      "epoch": 1.0,
      "eval_accuracy": 0.6068364765188137,
      "eval_loss": 0.682451069355011,
      "eval_mean_dice": 0.42256107845150465,
      "eval_mean_iou": 0.30341823825940684,
      "eval_runtime": 17.4545,
      "eval_samples_per_second": 11.458,
      "eval_steps_per_second": 0.115,
      "step": 4
    },
    {
      "epoch": 2.0,
      "grad_norm": 0.453867644071579,
      "learning_rate": 0.000175,
      "loss": 0.6686,
      "step": 8
    },
    {
      "epoch": 2.0,
      "eval_accuracy": 0.7686267462544727,
      "eval_loss": 0.6442326307296753,
      "eval_mean_dice": 0.5369148006323256,
      "eval_mean_iou": 0.38431337312723635,
      "eval_runtime": 17.4788,
      "eval_samples_per_second": 11.442,
      "eval_steps_per_second": 0.114,
      "step": 8
    },
    {
      "epoch": 3.0,
      "grad_norm": 0.3574756383895874,
      "learning_rate": 0.000275,
      "loss": 0.6487,
      "step": 12
    },
    {
      "epoch": 3.0,
      "eval_accuracy": 0.866011771382247,
      "eval_loss": 0.5973660349845886,
      "eval_mean_dice": 0.6589027473788254,
      "eval_mean_iou": 0.4330058856911235,
      "eval_runtime": 17.6374,
      "eval_samples_per_second": 11.34,
      "eval_steps_per_second": 0.113,
      "step": 12
    },
    {
      "epoch": 4.0,
      "grad_norm": 0.48900219798088074,
      "learning_rate": 0.000375,
      "loss": 0.6243,
      "step": 16
    },
    {
      "epoch": 4.0,
      "eval_accuracy": 0.8922099230209108,
      "eval_loss": 0.5492169857025146,
      "eval_mean_dice": 0.7442376664028554,
      "eval_mean_iou": 0.4461049615104554,
      "eval_runtime": 18.1014,
      "eval_samples_per_second": 11.049,
      "eval_steps_per_second": 0.11,
      "step": 16
    },
    {
      "epoch": 5.0,
      "grad_norm": 0.6111781001091003,
      "learning_rate": 0.000475,
      "loss": 0.5951,
      "step": 20
    },
    {
      "epoch": 5.0,
      "eval_accuracy": 0.8401382860745574,
      "eval_loss": 0.5309898257255554,
      "eval_mean_dice": 0.7563637068468269,
      "eval_mean_iou": 0.4200691430372787,
      "eval_runtime": 18.0097,
      "eval_samples_per_second": 11.105,
      "eval_steps_per_second": 0.111,
      "step": 20
    },
    {
      "epoch": 6.0,
      "grad_norm": 1.0454137325286865,
      "learning_rate": 0.0004996573836886434,
      "loss": 0.5599,
      "step": 24
    },
    {
      "epoch": 6.0,
      "eval_accuracy": 0.9467041585621035,
      "eval_loss": 0.4461125433444977,
      "eval_mean_dice": 0.8069065650426506,
      "eval_mean_iou": 0.4733520792810518,
      "eval_runtime": 18.0856,
      "eval_samples_per_second": 11.059,
      "eval_steps_per_second": 0.111,
      "step": 24
    },
    {
      "epoch": 7.0,
      "grad_norm": 0.7513365149497986,
      "learning_rate": 0.0004981365379103306,
      "loss": 0.5093,
      "step": 28
    },
    {
      "epoch": 7.0,
      "eval_accuracy": 0.9146251088362416,
      "eval_loss": 0.4565747082233429,
      "eval_mean_dice": 0.8260546573053369,
      "eval_mean_iou": 0.4573125544181208,
      "eval_runtime": 17.8222,
      "eval_samples_per_second": 11.222,
      "eval_steps_per_second": 0.112,
      "step": 28
    },
    {
      "epoch": 8.0,
      "grad_norm": 0.6591614484786987,
      "learning_rate": 0.000495406795861916,
      "loss": 0.4781,
      "step": 32
    },
    {
      "epoch": 8.0,
      "eval_accuracy": 0.94035973110481,
      "eval_loss": 0.4284247159957886,
      "eval_mean_dice": 0.8440305580783332,
      "eval_mean_iou": 0.470179865552405,
      "eval_runtime": 17.9603,
      "eval_samples_per_second": 11.136,
      "eval_steps_per_second": 0.111,
      "step": 32
    },
    {
      "epoch": 9.0,
      "grad_norm": 1.4458175897598267,
      "learning_rate": 0.0004914814565722671,
      "loss": 0.4556,
      "step": 36
    },
    {
      "epoch": 9.0,
      "eval_accuracy": 0.9665360327984103,
      "eval_loss": 0.39658233523368835,
      "eval_mean_dice": 0.8509965957502061,
      "eval_mean_iou": 0.48326801639920514,
      "eval_runtime": 18.1272,
      "eval_samples_per_second": 11.033,
      "eval_steps_per_second": 0.11,
      "step": 36
    },
    {
      "epoch": 10.0,
      "grad_norm": 1.913292646408081,
      "learning_rate": 0.00048637964389982923,
      "loss": 0.4491,
      "step": 40
    },
    {
      "epoch": 10.0,
      "eval_accuracy": 0.904169223796566,
      "eval_loss": 0.46266791224479675,
      "eval_mean_dice": 0.835674968670383,
      "eval_mean_iou": 0.452084611898283,
      "eval_runtime": 18.2232,
      "eval_samples_per_second": 10.975,
      "eval_steps_per_second": 0.11,
      "step": 40
    },
    {
      "epoch": 11.0,
      "grad_norm": 1.2624603509902954,
      "learning_rate": 0.00048012621336311016,
      "loss": 0.4237,
      "step": 44
    },
    {
      "epoch": 11.0,
      "eval_accuracy": 0.9293260264056699,
      "eval_loss": 0.4368569850921631,
      "eval_mean_dice": 0.8555658242735025,
      "eval_mean_iou": 0.46466301320283493,
      "eval_runtime": 17.6957,
      "eval_samples_per_second": 11.302,
      "eval_steps_per_second": 0.113,
      "step": 44
    },
    {
      "epoch": 12.0,
      "grad_norm": 0.5201958417892456,
      "learning_rate": 0.00047275163104709196,
      "loss": 0.4135,
      "step": 48
    },
    {
      "epoch": 12.0,
      "eval_accuracy": 0.976286936448906,
      "eval_loss": 0.36301010847091675,
      "eval_mean_dice": 0.8649065007491543,
      "eval_mean_iou": 0.488143468224453,
      "eval_runtime": 18.0856,
      "eval_samples_per_second": 11.059,
      "eval_steps_per_second": 0.111,
      "step": 48
    },
    {
      "epoch": 13.0,
      "grad_norm": 0.9852101802825928,
      "learning_rate": 0.0004642918251755281,
      "loss": 0.4,
      "step": 52
    },
    {
      "epoch": 13.0,
      "eval_accuracy": 0.9111730875464291,
      "eval_loss": 0.428011029958725,
      "eval_mean_dice": 0.84596956466918,
      "eval_mean_iou": 0.45558654377321456,
      "eval_runtime": 18.0044,
      "eval_samples_per_second": 11.108,
      "eval_steps_per_second": 0.111,
      "step": 52
    },
    {
      "epoch": 14.0,
      "grad_norm": 0.7660126686096191,
      "learning_rate": 0.00045478801107224796,
      "loss": 0.3979,
      "step": 56
    },
    {
      "epoch": 14.0,
      "eval_accuracy": 0.968300005191331,
      "eval_loss": 0.3474726974964142,
      "eval_mean_dice": 0.8809907648249817,
      "eval_mean_iou": 0.4841500025956655,
      "eval_runtime": 18.2414,
      "eval_samples_per_second": 10.964,
      "eval_steps_per_second": 0.11,
      "step": 56
    },
    {
      "epoch": 15.0,
      "grad_norm": 1.3851975202560425,
      "learning_rate": 0.0004442864903642427,
      "loss": 0.3872,
      "step": 60
    },
    {
      "epoch": 15.0,
      "eval_accuracy": 0.9484840177327943,
      "eval_loss": 0.37978607416152954,
      "eval_mean_dice": 0.8786322537083933,
      "eval_mean_iou": 0.47424200886639717,
      "eval_runtime": 18.1215,
      "eval_samples_per_second": 11.037,
      "eval_steps_per_second": 0.11,
      "step": 60
    },
    {
      "epoch": 16.0,
      "grad_norm": 0.5848013162612915,
      "learning_rate": 0.0004328384254047926,
      "loss": 0.3766,
      "step": 64
    },
    {
      "epoch": 16.0,
      "eval_accuracy": 0.956047024052109,
      "eval_loss": 0.3550955057144165,
      "eval_mean_dice": 0.8844950030748961,
      "eval_mean_iou": 0.4780235120260545,
      "eval_runtime": 18.0633,
      "eval_samples_per_second": 11.072,
      "eval_steps_per_second": 0.111,
      "step": 64
    },
    {
      "epoch": 17.0,
      "grad_norm": 0.4831469655036926,
      "learning_rate": 0.00042049959001562464,
      "loss": 0.3666,
      "step": 68
    },
    {
      "epoch": 17.0,
      "eval_accuracy": 0.9625085096084964,
      "eval_loss": 0.3337966799736023,
      "eval_mean_dice": 0.8895577762065728,
      "eval_mean_iou": 0.4812542548042482,
      "eval_runtime": 18.1209,
      "eval_samples_per_second": 11.037,
      "eval_steps_per_second": 0.11,
      "step": 68
    },
    {
      "epoch": 18.0,
      "grad_norm": 0.6852513551712036,
      "learning_rate": 0.0004073300977624594,
      "loss": 0.3633,
      "step": 72
    },
    {
      "epoch": 18.0,
      "eval_accuracy": 0.9516851134434071,
      "eval_loss": 0.360025018453598,
      "eval_mean_dice": 0.8860095562778215,
      "eval_mean_iou": 0.47584255672170356,
      "eval_runtime": 18.1171,
      "eval_samples_per_second": 11.039,
      "eval_steps_per_second": 0.11,
      "step": 72
    },
    {
      "epoch": 19.0,
      "grad_norm": 0.4387892782688141,
      "learning_rate": 0.00039339410908776154,
      "loss": 0.3559,
      "step": 76
    },
    {
      "epoch": 19.0,
      "eval_accuracy": 0.9598473393168879,
      "eval_loss": 0.3473869562149048,
      "eval_mean_dice": 0.889659355299028,
      "eval_mean_iou": 0.47992366965844396,
      "eval_runtime": 18.0777,
      "eval_samples_per_second": 11.063,
      "eval_steps_per_second": 0.111,
      "step": 76
    },
    {
      "epoch": 20.0,
      "grad_norm": 0.5360321402549744,
      "learning_rate": 0.0003787595187275136,
      "loss": 0.3535,
      "step": 80
    },
    {
      "epoch": 20.0,
      "eval_accuracy": 0.9597332740526997,
      "eval_loss": 0.33599966764450073,
      "eval_mean_dice": 0.888496711741773,
      "eval_mean_iou": 0.47986663702634985,
      "eval_runtime": 18.0922,
      "eval_samples_per_second": 11.055,
      "eval_steps_per_second": 0.111,
      "step": 80
    },
    {
      "epoch": 21.0,
      "grad_norm": 0.882436215877533,
      "learning_rate": 0.00036349762493488667,
      "loss": 0.3492,
      "step": 84
    },
    {
      "epoch": 21.0,
      "eval_accuracy": 0.9666626544676916,
      "eval_loss": 0.3249092102050781,
      "eval_mean_dice": 0.8890771886889668,
      "eval_mean_iou": 0.4833313272338458,
      "eval_runtime": 18.1206,
      "eval_samples_per_second": 11.037,
      "eval_steps_per_second": 0.11,
      "step": 84
    },
    {
      "epoch": 22.0,
      "grad_norm": 0.6096929907798767,
      "learning_rate": 0.0003476827821223184,
      "loss": 0.3437,
      "step": 88
    },
    {
      "epoch": 22.0,
      "eval_accuracy": 0.9535470618000831,
      "eval_loss": 0.3387840986251831,
      "eval_mean_dice": 0.8866752548691139,
      "eval_mean_iou": 0.47677353090004154,
      "eval_runtime": 18.297,
      "eval_samples_per_second": 10.931,
      "eval_steps_per_second": 0.109,
      "step": 88
    },
    {
      "epoch": 23.0,
      "grad_norm": 0.7728555798530579,
      "learning_rate": 0.0003313920386142892,
      "loss": 0.3442,
      "step": 92
    },
    {
      "epoch": 23.0,
      "eval_accuracy": 0.9496430774344726,
      "eval_loss": 0.34927260875701904,
      "eval_mean_dice": 0.8847409670094857,
      "eval_mean_iou": 0.4748215387172363,
      "eval_runtime": 18.138,
      "eval_samples_per_second": 11.027,
      "eval_steps_per_second": 0.11,
      "step": 92
    },
    {
      "epoch": 24.0,
      "grad_norm": 1.148134708404541,
      "learning_rate": 0.00031470476127563017,
      "loss": 0.3384,
      "step": 96
    },
    {
      "epoch": 24.0,
      "eval_accuracy": 0.9686575477012317,
      "eval_loss": 0.32020604610443115,
      "eval_mean_dice": 0.8911003728563036,
      "eval_mean_iou": 0.48432877385061585,
      "eval_runtime": 18.2172,
      "eval_samples_per_second": 10.979,
      "eval_steps_per_second": 0.11,
      "step": 96
    },
    {
      "epoch": 25.0,
      "grad_norm": 0.7701404690742493,
      "learning_rate": 0.0002977022488441362,
      "loss": 0.3445,
      "step": 100
    },
    {
      "epoch": 25.0,
      "eval_accuracy": 0.9668031376881151,
      "eval_loss": 0.30867043137550354,
      "eval_mean_dice": 0.8950643002692744,
      "eval_mean_iou": 0.48340156884405755,
      "eval_runtime": 18.1127,
      "eval_samples_per_second": 11.042,
      "eval_steps_per_second": 0.11,
      "step": 100
    },
    {
      "epoch": 26.0,
      "grad_norm": 0.6641843914985657,
      "learning_rate": 0.00028046733585128684,
      "loss": 0.3278,
      "step": 104
    },
    {
      "epoch": 26.0,
      "eval_accuracy": 0.9514710244863176,
      "eval_loss": 0.3336057960987091,
      "eval_mean_dice": 0.8888535072265602,
      "eval_mean_iou": 0.4757355122431588,
      "eval_runtime": 18.1423,
      "eval_samples_per_second": 11.024,
      "eval_steps_per_second": 0.11,
      "step": 104
    },
    {
      "epoch": 27.0,
      "grad_norm": 1.023133397102356,
      "learning_rate": 0.000263083989060736,
      "loss": 0.3286,
      "step": 108
    },
    {
      "epoch": 27.0,
      "eval_accuracy": 0.9702095463737631,
      "eval_loss": 0.3118462860584259,
      "eval_mean_dice": 0.897091096307817,
      "eval_mean_iou": 0.48510477318688155,
      "eval_runtime": 18.1476,
      "eval_samples_per_second": 11.021,
      "eval_steps_per_second": 0.11,
      "step": 108
    },
    {
      "epoch": 28.0,
      "grad_norm": 0.4828343391418457,
      "learning_rate": 0.0002456368983906791,
      "loss": 0.3271,
      "step": 112
    },
    {
      "epoch": 28.0,
      "eval_accuracy": 0.9551495111181679,
      "eval_loss": 0.32072582840919495,
      "eval_mean_dice": 0.8934015554253683,
      "eval_mean_iou": 0.47757475555908396,
      "eval_runtime": 18.151,
      "eval_samples_per_second": 11.019,
      "eval_steps_per_second": 0.11,
      "step": 112
    },
    {
      "epoch": 29.0,
      "grad_norm": 0.5728525519371033,
      "learning_rate": 0.00022821106431308543,
      "loss": 0.3262,
      "step": 116
    },
    {
      "epoch": 29.0,
      "eval_accuracy": 0.9746962559477812,
      "eval_loss": 0.3049892485141754,
      "eval_mean_dice": 0.8980442768918604,
      "eval_mean_iou": 0.4873481279738906,
      "eval_runtime": 18.1732,
      "eval_samples_per_second": 11.005,
      "eval_steps_per_second": 0.11,
      "step": 116
    },
    {
      "epoch": 30.0,
      "grad_norm": 1.0402390956878662,
      "learning_rate": 0.00021089138373994224,
      "loss": 0.3201,
      "step": 120
    },
    {
      "epoch": 30.0,
      "eval_accuracy": 0.959599384070076,
      "eval_loss": 0.3170720040798187,
      "eval_mean_dice": 0.8979860707871596,
      "eval_mean_iou": 0.479799692035038,
      "eval_runtime": 18.3399,
      "eval_samples_per_second": 10.905,
      "eval_steps_per_second": 0.109,
      "step": 120
    },
    {
      "epoch": 31.0,
      "grad_norm": 1.0852515697479248,
      "learning_rate": 0.0001937622364140338,
      "loss": 0.322,
      "step": 124
    },
    {
      "epoch": 31.0,
      "eval_accuracy": 0.9696135671822016,
      "eval_loss": 0.2995970547199249,
      "eval_mean_dice": 0.8984238166452736,
      "eval_mean_iou": 0.4848067835911008,
      "eval_runtime": 18.2026,
      "eval_samples_per_second": 10.987,
      "eval_steps_per_second": 0.11,
      "step": 124
    },
    {
      "epoch": 32.0,
      "grad_norm": 0.5316870808601379,
      "learning_rate": 0.00017690707381931583,
      "loss": 0.3191,
      "step": 128
    },
    {
      "epoch": 32.0,
      "eval_accuracy": 0.9429715758767695,
      "eval_loss": 0.3333592712879181,
      "eval_mean_dice": 0.886783109572817,
      "eval_mean_iou": 0.47148578793838475,
      "eval_runtime": 18.2242,
      "eval_samples_per_second": 10.974,
      "eval_steps_per_second": 0.11,
      "step": 128
    },
    {
      "epoch": 33.0,
      "grad_norm": 0.3964673578739166,
      "learning_rate": 0.00016040801261367493,
      "loss": 0.3191,
      "step": 132
    },
    {
      "epoch": 33.0,
      "eval_accuracy": 0.9694393976922002,
      "eval_loss": 0.3019643723964691,
      "eval_mean_dice": 0.8992278321720102,
      "eval_mean_iou": 0.4847196988461001,
      "eval_runtime": 18.1706,
      "eval_samples_per_second": 11.007,
      "eval_steps_per_second": 0.11,
      "step": 132
    },
    {
      "epoch": 34.0,
      "grad_norm": 0.6737662553787231,
      "learning_rate": 0.0001443454345648252,
      "loss": 0.3145,
      "step": 136
    },
    {
      "epoch": 34.0,
      "eval_accuracy": 0.9650264963775109,
      "eval_loss": 0.30992892384529114,
      "eval_mean_dice": 0.8995870808754949,
      "eval_mean_iou": 0.48251324818875546,
      "eval_runtime": 18.3797,
      "eval_samples_per_second": 10.882,
      "eval_steps_per_second": 0.109,
      "step": 136
    },
    {
      "epoch": 35.0,
      "grad_norm": 0.673498272895813,
      "learning_rate": 0.00012879759493841575,
      "loss": 0.3145,
      "step": 140
    },
    {
      "epoch": 35.0,
      "eval_accuracy": 0.9622574490141883,
      "eval_loss": 0.30702054500579834,
      "eval_mean_dice": 0.8991288524401373,
      "eval_mean_iou": 0.48112872450709415,
      "eval_runtime": 18.2347,
      "eval_samples_per_second": 10.968,
      "eval_steps_per_second": 0.11,
      "step": 140
    },
    {
      "epoch": 36.0,
      "grad_norm": 0.48217707872390747,
      "learning_rate": 0.00011384024124624323,
      "loss": 0.3062,
      "step": 144
    },
    {
      "epoch": 36.0,
      "eval_accuracy": 0.9646531796024305,
      "eval_loss": 0.30319949984550476,
      "eval_mean_dice": 0.9004948156808974,
      "eval_mean_iou": 0.48232658980121523,
      "eval_runtime": 18.2206,
      "eval_samples_per_second": 10.977,
      "eval_steps_per_second": 0.11,
      "step": 144
    },
    {
      "epoch": 37.0,
      "grad_norm": 0.7093592286109924,
      "learning_rate": 9.954624421198791e-05,
      "loss": 0.3082,
      "step": 148
    },
    {
      "epoch": 37.0,
      "eval_accuracy": 0.9621973447883752,
      "eval_loss": 0.30329591035842896,
      "eval_mean_dice": 0.9004030575346548,
      "eval_mean_iou": 0.4810986723941876,
      "eval_runtime": 18.2399,
      "eval_samples_per_second": 10.965,
      "eval_steps_per_second": 0.11,
      "step": 148
    },
    {
      "epoch": 38.0,
      "grad_norm": 0.36436188220977783,
      "learning_rate": 8.598524275237321e-05,
      "loss": 0.3091,
      "step": 152
    },
    {
      "epoch": 38.0,
      "eval_accuracy": 0.968386684891006,
      "eval_loss": 0.3013477921485901,
      "eval_mean_dice": 0.902837667032395,
      "eval_mean_iou": 0.484193342445503,
      "eval_runtime": 18.1714,
      "eval_samples_per_second": 11.006,
      "eval_steps_per_second": 0.11,
      "step": 152
    },
    {
      "epoch": 39.0,
      "grad_norm": 0.6971001029014587,
      "learning_rate": 7.322330470336314e-05,
      "loss": 0.3038,
      "step": 156
    },
    {
      "epoch": 39.0,
      "eval_accuracy": 0.9612516764657257,
      "eval_loss": 0.3082355260848999,
      "eval_mean_dice": 0.9009009132477892,
      "eval_mean_iou": 0.48062583823286287,
      "eval_runtime": 18.108,
      "eval_samples_per_second": 11.045,
      "eval_steps_per_second": 0.11,
      "step": 156
    },
    {
      "epoch": 40.0,
      "grad_norm": 0.536614179611206,
      "learning_rate": 6.1322604944307e-05,
      "loss": 0.3122,
      "step": 160
    },
    {
      "epoch": 40.0,
      "eval_accuracy": 0.9599576466605554,
      "eval_loss": 0.3043808341026306,
      "eval_mean_dice": 0.9006950468726942,
      "eval_mean_iou": 0.4799788233302777,
      "eval_runtime": 18.2049,
      "eval_samples_per_second": 10.986,
      "eval_steps_per_second": 0.11,
      "step": 160
    },
    {
      "epoch": 41.0,
      "grad_norm": 0.7911072373390198,
      "learning_rate": 5.0341122488176846e-05,
      "loss": 0.3091,
      "step": 164
    },
    {
      "epoch": 41.0,
      "eval_accuracy": 0.9660757212884015,
      "eval_loss": 0.29870837926864624,
      "eval_mean_dice": 0.903006675765758,
      "eval_mean_iou": 0.48303786064420073,
      "eval_runtime": 18.2322,
      "eval_samples_per_second": 10.97,
      "eval_steps_per_second": 0.11,
      "step": 164
    }
  ],
  "logging_steps": 500,
  "max_steps": 200,
  "num_input_tokens_seen": 0,
  "num_train_epochs": 50,
  "save_steps": 500,
  "stateful_callbacks": {
    "EarlyStoppingCallback": {
      "args": {
        "early_stopping_patience": 10,
        "early_stopping_threshold": 0.0
      },
      "attributes": {
        "early_stopping_patience_counter": 0
      }
    },
    "TrainerControl": {
      "args": {
        "should_epoch_stop": false,
        "should_evaluate": false,
        "should_log": false,
        "should_save": true,
        "should_training_stop": false
      },
      "attributes": {}
    }
  },
  "total_flos": 6.154889201713152e+17,
  "train_batch_size": 64,
  "trial_name": null,
  "trial_params": null
}
