{
  "best_global_step": 96,
  "best_metric": 0.08801885694265366,
  "best_model_checkpoint": "./outputs/segformer_fft_baseline/checkpoint-96",
  "epoch": 24.0,
  "eval_steps": 500,
  "global_step": 96,
  "is_hyper_param_search": false,
  "is_local_process_zero": true,
  "is_world_process_zero": true,
  "log_history": [
    {
      "epoch": 1.0,
      "grad_norm": 2.914109706878662,
      "learning_rate": 7.5e-05,
      "loss": 0.6429,
      "step": 4
    },
    {
      "epoch": 1.0,
      "eval_accuracy": 0.9009064173273096,
      "eval_loss": 0.5728551745414734,
      "eval_mean_dice": 0.659339144675084,
      "eval_mean_iou": 0.4504532086636548,
      "eval_runtime": 22.7964,
      "eval_samples_per_second": 8.773,
      "eval_steps_per_second": 0.088,
      "step": 4
    },
    {
      "epoch": 2.0,
      "grad_norm": 2.7198891639709473,
      "learning_rate": 0.000175,
      "loss": 0.5747,
      "step": 8
    },
    {
      "epoch": 2.0,
      "eval_accuracy": 0.9328183012014636,
      "eval_loss": 0.39476120471954346,
      "eval_mean_dice": 0.7766235369392196,
      "eval_mean_iou": 0.4664091506007318,
      "eval_runtime": 17.7522,
      "eval_samples_per_second": 11.266,
      "eval_steps_per_second": 0.113,
      "step": 8
    },
    {
      "epoch": 3.0,
      "grad_norm": 1.9632929563522339,
      "learning_rate": 0.000275,
      "loss": 0.475,
      "step": 12
    },
    {
      "epoch": 3.0,
      "eval_accuracy": 0.8929695606810315,
      "eval_loss": 0.3671485185623169,
      "eval_mean_dice": 0.7990291919547836,
      "eval_mean_iou": 0.44648478034051575,
      "eval_runtime": 17.6448,
      "eval_samples_per_second": 11.335,
      "eval_steps_per_second": 0.113,
      "step": 12
    },
    {
      "epoch": 4.0,
      "grad_norm": 1.644474744796753,
      "learning_rate": 0.000375,
      "loss": 0.3773,
      "step": 16
    },
    {
      "epoch": 4.0,
      "eval_accuracy": 0.9366803812245431,
      "eval_loss": 0.2825888395309448,
      "eval_mean_dice": 0.8686854336655649,
      "eval_mean_iou": 0.46834019061227156,
      "eval_runtime": 17.566,
      "eval_samples_per_second": 11.386,
      "eval_steps_per_second": 0.114,
      "step": 16
    },
    {
      "epoch": 5.0,
      "grad_norm": 1.3927119970321655,
      "learning_rate": 0.000475,
      "loss": 0.2875,
      "step": 20
    },
    {
      "epoch": 5.0,
      "eval_accuracy": 0.9581075751872847,
      "eval_loss": 0.2042066901922226,
      "eval_mean_dice": 0.885871605670258,
      "eval_mean_iou": 0.47905378759364237,
      "eval_runtime": 17.4666,
      "eval_samples_per_second": 11.45,
      "eval_steps_per_second": 0.115,
      "step": 20
    },
    {
      "epoch": 6.0,
      "grad_norm": 2.0588929653167725,
      "learning_rate": 0.0004996573836886434,
      "loss": 0.22,
      "step": 24
    },
    {
      "epoch": 6.0,
      "eval_accuracy": 0.9721742524010261,
      "eval_loss": 0.16152243316173553,
      "eval_mean_dice": 0.9005011545077097,
      "eval_mean_iou": 0.48608712620051303,
      "eval_runtime": 17.599,
      "eval_samples_per_second": 11.364,
      "eval_steps_per_second": 0.114,
      "step": 24
    },
    {
      "epoch": 7.0,
      "grad_norm": 0.9140257835388184,
      "learning_rate": 0.0004981365379103306,
      "loss": 0.1796,
      "step": 28
    },
    {
      "epoch": 7.0,
      "eval_accuracy": 0.9908824565276537,
      "eval_loss": 0.15092733502388,
      "eval_mean_dice": 0.8818435059259968,
      "eval_mean_iou": 0.49544122826382686,
      "eval_runtime": 17.5663,
      "eval_samples_per_second": 11.385,
      "eval_steps_per_second": 0.114,
      "step": 28
    },
    {
      "epoch": 8.0,
      "grad_norm": 0.843411386013031,
      "learning_rate": 0.000495406795861916,
      "loss": 0.1494,
      "step": 32
    },
    {
      "epoch": 8.0,
      "eval_accuracy": 0.9817153294067177,
      "eval_loss": 0.12496764212846756,
      "eval_mean_dice": 0.9157734015568356,
      "eval_mean_iou": 0.49085766470335884,
      "eval_runtime": 17.6272,
      "eval_samples_per_second": 11.346,
      "eval_steps_per_second": 0.113,
      "step": 32
    },
    {
      "epoch": 9.0,
      "grad_norm": 0.5984116792678833,
      "learning_rate": 0.0004914814565722671,
      "loss": 0.1245,
      "step": 36
    },
    {
      "epoch": 9.0,
      "eval_accuracy": 0.9871665508034444,
      "eval_loss": 0.11377859115600586,
      "eval_mean_dice": 0.9164695873435769,
      "eval_mean_iou": 0.4935832754017222,
      "eval_runtime": 17.8223,
      "eval_samples_per_second": 11.222,
      "eval_steps_per_second": 0.112,
      "step": 36
    },
    {
      "epoch": 10.0,
      "grad_norm": 0.9422210454940796,
      "learning_rate": 0.00048637964389982923,
      "loss": 0.1106,
      "step": 40
    },
    {
      "epoch": 10.0,
      "eval_accuracy": 0.992905550050369,
      "eval_loss": 0.11488271504640579,
      "eval_mean_dice": 0.9098359401913064,
      "eval_mean_iou": 0.4964527750251845,
      "eval_runtime": 17.8797,
      "eval_samples_per_second": 11.186,
      "eval_steps_per_second": 0.112,
      "step": 40
    },
    {
      "epoch": 11.0,
      "grad_norm": 0.8812669515609741,
      "learning_rate": 0.00048012621336311016,
      "loss": 0.0979,
      "step": 44
    },
    {
      "epoch": 11.0,
      "eval_accuracy": 0.9785128037729459,
      "eval_loss": 0.10779234021902084,
      "eval_mean_dice": 0.9203800594100251,
      "eval_mean_iou": 0.48925640188647296,
      "eval_runtime": 17.7845,
      "eval_samples_per_second": 11.246,
      "eval_steps_per_second": 0.112,
      "step": 44
    },
    {
      "epoch": 12.0,
      "grad_norm": 1.8995003700256348,
      "learning_rate": 0.00047275163104709196,
      "loss": 0.1071,
      "step": 48
    },
    {
      "epoch": 12.0,
      "eval_accuracy": 0.930490625609643,
      "eval_loss": 0.1668727695941925,
      "eval_mean_dice": 0.8805072542147969,
      "eval_mean_iou": 0.4652453128048215,
      "eval_runtime": 17.5116,
      "eval_samples_per_second": 11.421,
      "eval_steps_per_second": 0.114,
      "step": 48
    },
    {
      "epoch": 13.0,
      "grad_norm": 1.8972123861312866,
      "learning_rate": 0.0004642918251755281,
      "loss": 0.1086,
      "step": 52
    },
    {
      "epoch": 13.0,
      "eval_accuracy": 0.9837182578667438,
      "eval_loss": 0.09588746726512909,
      "eval_mean_dice": 0.929495200860867,
      "eval_mean_iou": 0.4918591289333719,
      "eval_runtime": 17.6977,
      "eval_samples_per_second": 11.301,
      "eval_steps_per_second": 0.113,
      "step": 52
    },
    {
      "epoch": 14.0,
      "grad_norm": 1.2503875494003296,
      "learning_rate": 0.00045478801107224796,
      "loss": 0.0902,
      "step": 56
    },
    {
      "epoch": 14.0,
      "eval_accuracy": 0.9786224569027239,
      "eval_loss": 0.09370002895593643,
      "eval_mean_dice": 0.9326622538622751,
      "eval_mean_iou": 0.48931122845136193,
      "eval_runtime": 17.6501,
      "eval_samples_per_second": 11.331,
      "eval_steps_per_second": 0.113,
      "step": 56
    },
    {
      "epoch": 15.0,
      "grad_norm": 0.5856622457504272,
      "learning_rate": 0.0004442864903642427,
      "loss": 0.0728,
      "step": 60
    },
    {
      "epoch": 15.0,
      "eval_accuracy": 0.9904942342596393,
      "eval_loss": 0.1013781726360321,
      "eval_mean_dice": 0.9235184904440448,
      "eval_mean_iou": 0.49524711712981967,
      "eval_runtime": 17.8316,
      "eval_samples_per_second": 11.216,
      "eval_steps_per_second": 0.112,
      "step": 60
    },
    {
      "epoch": 16.0,
      "grad_norm": 1.65835440158844,
      "learning_rate": 0.0004328384254047926,
      "loss": 0.0733,
      "step": 64
    },
    {
      "epoch": 16.0,
      "eval_accuracy": 0.9806025092194106,
      "eval_loss": 0.0985342338681221,
      "eval_mean_dice": 0.9283998947118637,
      "eval_mean_iou": 0.4903012546097053,
      "eval_runtime": 17.6786,
      "eval_samples_per_second": 11.313,
      "eval_steps_per_second": 0.113,
      "step": 64
    },
    {
      "epoch": 17.0,
      "grad_norm": 0.5269817113876343,
      "learning_rate": 0.00042049959001562464,
      "loss": 0.0648,
      "step": 68
    },
    {
      "epoch": 17.0,
      "eval_accuracy": 0.9861742056628918,
      "eval_loss": 0.09487662464380264,
      "eval_mean_dice": 0.9327432739048488,
      "eval_mean_iou": 0.4930871028314459,
      "eval_runtime": 17.6515,
      "eval_samples_per_second": 11.33,
      "eval_steps_per_second": 0.113,
      "step": 68
    },
    {
      "epoch": 18.0,
      "grad_norm": 0.8866772651672363,
      "learning_rate": 0.0004073300977624594,
      "loss": 0.0668,
      "step": 72
    },
    {
      "epoch": 18.0,
      "eval_accuracy": 0.9760509184861174,
      "eval_loss": 0.0936555564403534,
      "eval_mean_dice": 0.9315905623131019,
      "eval_mean_iou": 0.4880254592430587,
      "eval_runtime": 17.6529,
      "eval_samples_per_second": 11.33,
      "eval_steps_per_second": 0.113,
      "step": 72
    },
    {
      "epoch": 19.0,
      "grad_norm": 0.6808040142059326,
      "learning_rate": 0.00039339410908776154,
      "loss": 0.0631,
      "step": 76
    },
    {
      "epoch": 19.0,
      "eval_accuracy": 0.9904631576574731,
      "eval_loss": 0.10312505811452866,
      "eval_mean_dice": 0.9230238974320686,
      "eval_mean_iou": 0.49523157882873653,
      "eval_runtime": 17.6067,
      "eval_samples_per_second": 11.359,
      "eval_steps_per_second": 0.114,
      "step": 76
    },
    {
      "epoch": 20.0,
      "grad_norm": 0.5835272073745728,
      "learning_rate": 0.0003787595187275136,
      "loss": 0.0552,
      "step": 80
    },
    {
      "epoch": 20.0,
      "eval_accuracy": 0.9787822986329723,
      "eval_loss": 0.0942036360502243,
      "eval_mean_dice": 0.9331337602898535,
      "eval_mean_iou": 0.48939114931648614,
      "eval_runtime": 17.7178,
      "eval_samples_per_second": 11.288,
      "eval_steps_per_second": 0.113,
      "step": 80
    },
    {
      "epoch": 21.0,
      "grad_norm": 0.5140965580940247,
      "learning_rate": 0.00036349762493488667,
      "loss": 0.0546,
      "step": 84
    },
    {
      "epoch": 21.0,
      "eval_accuracy": 0.9862649260393672,
      "eval_loss": 0.09390699118375778,
      "eval_mean_dice": 0.9347531329735572,
      "eval_mean_iou": 0.4931324630196836,
      "eval_runtime": 17.5643,
      "eval_samples_per_second": 11.387,
      "eval_steps_per_second": 0.114,
      "step": 84
    },
    {
      "epoch": 22.0,
      "grad_norm": 0.5482087731361389,
      "learning_rate": 0.0003476827821223184,
      "loss": 0.0545,
      "step": 88
    },
    {
      "epoch": 22.0,
      "eval_accuracy": 0.9865189834236239,
      "eval_loss": 0.09157974272966385,
      "eval_mean_dice": 0.9379225618567666,
      "eval_mean_iou": 0.49325949171181194,
      "eval_runtime": 17.534,
      "eval_samples_per_second": 11.406,
      "eval_steps_per_second": 0.114,
      "step": 88
    },
    {
      "epoch": 23.0,
      "grad_norm": 0.5776654481887817,
      "learning_rate": 0.0003313920386142892,
      "loss": 0.0525,
      "step": 92
    },
    {
      "epoch": 23.0,
      "eval_accuracy": 0.9847321348131233,
      "eval_loss": 0.08826489746570587,
      "eval_mean_dice": 0.9404226886948729,
      "eval_mean_iou": 0.49236606740656164,
      "eval_runtime": 17.6601,
      "eval_samples_per_second": 11.325,
      "eval_steps_per_second": 0.113,
      "step": 92
    },
    {
      "epoch": 24.0,
      "grad_norm": 0.2048681527376175,
      "learning_rate": 0.00031470476127563017,
      "loss": 0.0456,
      "step": 96
    },
    {
      "epoch": 24.0,
      "eval_accuracy": 0.9867334948793848,
      "eval_loss": 0.08801885694265366,
      "eval_mean_dice": 0.9399131461313055,
      "eval_mean_iou": 0.4933667474396924,
      "eval_runtime": 17.5751,
      "eval_samples_per_second": 11.38,
      "eval_steps_per_second": 0.114,
      "step": 96
    }
  ],
  "logging_steps": 500,
  "max_steps": 200,
  "num_input_tokens_seen": 0,
  "num_train_epochs": 50,
  "save_steps": 500,
  "stateful_callbacks": {
    "EarlyStoppingCallback": {
      "args": {
        "early_stopping_patience": 10,
        "early_stopping_threshold": 0.0
      },
      "attributes": {
        "early_stopping_patience_counter": 0
      }
    },
    "TrainerControl": {
      "args": {
        "should_epoch_stop": false,
        "should_evaluate": false,
        "should_log": false,
        "should_save": true,
        "should_training_stop": false
      },
      "attributes": {}
    }
  },
  "total_flos": 3.365367460134912e+17,
  "train_batch_size": 64,
  "trial_name": null,
  "trial_params": null
}
