{
  "best_global_step": 148,
  "best_metric": 0.3559769093990326,
  "best_model_checkpoint": "./outputs/lora_r16_alpha32/checkpoint-148",
  "epoch": 47.0,
  "eval_steps": 500,
  "global_step": 188,
  "is_hyper_param_search": false,
  "is_local_process_zero": true,
  "is_world_process_zero": true,
  "log_history": [
    {
      "epoch": 1.0,
      "grad_norm": 0.08858935534954071,
      "learning_rate": 7.5e-05,
      "loss": 0.6752,
      "step": 4
    },
    {
      "epoch": 1.0,
      "eval_accuracy": 0.7368608164456908,
      "eval_loss": 0.662676990032196,
      "eval_mean_dice": 0.48658548461356,
      "eval_mean_iou": 0.3684304082228454,
      "eval_runtime": 16.687,
      "eval_samples_per_second": 11.985,
      "eval_steps_per_second": 0.12,
      "step": 4
    },
    {
      "epoch": 2.0,
      "grad_norm": 0.1207478791475296,
      "learning_rate": 0.000175,
      "loss": 0.677,
      "step": 8
    },
    {
      "epoch": 2.0,
      "eval_accuracy": 0.6192061752106395,
      "eval_loss": 0.6756660342216492,
      "eval_mean_dice": 0.4974383274040778,
      "eval_mean_iou": 0.30960308760531974,
      "eval_runtime": 16.7909,
      "eval_samples_per_second": 11.911,
      "eval_steps_per_second": 0.119,
      "step": 8
    },
    {
      "epoch": 3.0,
      "grad_norm": 0.13325034081935883,
      "learning_rate": 0.000275,
      "loss": 0.6722,
      "step": 12
    },
    {
      "epoch": 3.0,
      "eval_accuracy": 0.6460386199457381,
      "eval_loss": 0.6652289628982544,
      "eval_mean_dice": 0.5417761206597157,
      "eval_mean_iou": 0.32301930997286904,
      "eval_runtime": 16.7397,
      "eval_samples_per_second": 11.948,
      "eval_steps_per_second": 0.119,
      "step": 12
    },
    {
      "epoch": 4.0,
      "grad_norm": 0.13911812007427216,
      "learning_rate": 0.000375,
      "loss": 0.661,
      "step": 16
    },
    {
      "epoch": 4.0,
      "eval_accuracy": 0.7214449936552217,
      "eval_loss": 0.6411085724830627,
      "eval_mean_dice": 0.6105477552498254,
      "eval_mean_iou": 0.3607224968276109,
      "eval_runtime": 16.925,
      "eval_samples_per_second": 11.817,
      "eval_steps_per_second": 0.118,
      "step": 16
    },
    {
      "epoch": 5.0,
      "grad_norm": 0.17394162714481354,
      "learning_rate": 0.000475,
      "loss": 0.6506,
      "step": 20
    },
    {
      "epoch": 5.0,
      "eval_accuracy": 0.7350104000030916,
      "eval_loss": 0.6190844178199768,
      "eval_mean_dice": 0.6589256496934113,
      "eval_mean_iou": 0.3675052000015458,
      "eval_runtime": 16.9184,
      "eval_samples_per_second": 11.821,
      "eval_steps_per_second": 0.118,
      "step": 20
    },
    {
      "epoch": 6.0,
      "grad_norm": 0.16412761807441711,
      "learning_rate": 0.0004996573836886434,
      "loss": 0.6289,
      "step": 24
    },
    {
      "epoch": 6.0,
      "eval_accuracy": 0.7729408843385793,
      "eval_loss": 0.5843337178230286,
      "eval_mean_dice": 0.7013865414508095,
      "eval_mean_iou": 0.38647044216928966,
      "eval_runtime": 17.1456,
      "eval_samples_per_second": 11.665,
      "eval_steps_per_second": 0.117,
      "step": 24
    },
    {
      "epoch": 7.0,
      "grad_norm": 0.22007611393928528,
      "learning_rate": 0.0004981365379103306,
      "loss": 0.6095,
      "step": 28
    },
    {
      "epoch": 7.0,
      "eval_accuracy": 0.8198535294119396,
      "eval_loss": 0.5502421259880066,
      "eval_mean_dice": 0.743455533659234,
      "eval_mean_iou": 0.4099267647059698,
      "eval_runtime": 17.1026,
      "eval_samples_per_second": 11.694,
      "eval_steps_per_second": 0.117,
      "step": 28
    },
    {
      "epoch": 8.0,
      "grad_norm": 0.2214096337556839,
      "learning_rate": 0.000495406795861916,
      "loss": 0.5909,
      "step": 32
    },
    {
      "epoch": 8.0,
      "eval_accuracy": 0.8902359427884466,
      "eval_loss": 0.5127267241477966,
      "eval_mean_dice": 0.7856083877355426,
      "eval_mean_iou": 0.4451179713942233,
      "eval_runtime": 17.1377,
      "eval_samples_per_second": 11.67,
      "eval_steps_per_second": 0.117,
      "step": 32
    },
    {
      "epoch": 9.0,
      "grad_norm": 0.2992328703403473,
      "learning_rate": 0.0004914814565722671,
      "loss": 0.5638,
      "step": 36
    },
    {
      "epoch": 9.0,
      "eval_accuracy": 0.862107971013946,
      "eval_loss": 0.533713698387146,
      "eval_mean_dice": 0.7814185428735906,
      "eval_mean_iou": 0.431053985506973,
      "eval_runtime": 17.0376,
      "eval_samples_per_second": 11.739,
      "eval_steps_per_second": 0.117,
      "step": 36
    },
    {
      "epoch": 10.0,
      "grad_norm": 0.2740575671195984,
      "learning_rate": 0.00048637964389982923,
      "loss": 0.5462,
      "step": 40
    },
    {
      "epoch": 10.0,
      "eval_accuracy": 0.9128595196152353,
      "eval_loss": 0.49379268288612366,
      "eval_mean_dice": 0.8128405720683222,
      "eval_mean_iou": 0.45642975980761763,
      "eval_runtime": 17.3093,
      "eval_samples_per_second": 11.554,
      "eval_steps_per_second": 0.116,
      "step": 40
    },
    {
      "epoch": 11.0,
      "grad_norm": 0.37870660424232483,
      "learning_rate": 0.00048012621336311016,
      "loss": 0.5175,
      "step": 44
    },
    {
      "epoch": 11.0,
      "eval_accuracy": 0.9216710243069502,
      "eval_loss": 0.4879148006439209,
      "eval_mean_dice": 0.8217261435554848,
      "eval_mean_iou": 0.4608355121534751,
      "eval_runtime": 16.89,
      "eval_samples_per_second": 11.841,
      "eval_steps_per_second": 0.118,
      "step": 44
    },
    {
      "epoch": 12.0,
      "grad_norm": 0.28459298610687256,
      "learning_rate": 0.00047275163104709196,
      "loss": 0.5068,
      "step": 48
    },
    {
      "epoch": 12.0,
      "eval_accuracy": 0.8952654826571679,
      "eval_loss": 0.5013861656188965,
      "eval_mean_dice": 0.8151508857411844,
      "eval_mean_iou": 0.44763274132858394,
      "eval_runtime": 16.7276,
      "eval_samples_per_second": 11.956,
      "eval_steps_per_second": 0.12,
      "step": 48
    },
    {
      "epoch": 13.0,
      "grad_norm": 0.3335166573524475,
      "learning_rate": 0.0004642918251755281,
      "loss": 0.4966,
      "step": 52
    },
    {
      "epoch": 13.0,
      "eval_accuracy": 0.9391477538126809,
      "eval_loss": 0.4535086750984192,
      "eval_mean_dice": 0.8354321808283223,
      "eval_mean_iou": 0.46957387690634045,
      "eval_runtime": 16.7755,
      "eval_samples_per_second": 11.922,
      "eval_steps_per_second": 0.119,
      "step": 52
    },
    {
      "epoch": 14.0,
      "grad_norm": 0.5384564399719238,
      "learning_rate": 0.00045478801107224796,
      "loss": 0.471,
      "step": 56
    },
    {
      "epoch": 14.0,
      "eval_accuracy": 0.9417378246126448,
      "eval_loss": 0.441445529460907,
      "eval_mean_dice": 0.8390937802175338,
      "eval_mean_iou": 0.4708689123063224,
      "eval_runtime": 16.7918,
      "eval_samples_per_second": 11.911,
      "eval_steps_per_second": 0.119,
      "step": 56
    },
    {
      "epoch": 15.0,
      "grad_norm": 0.47330334782600403,
      "learning_rate": 0.0004442864903642427,
      "loss": 0.46,
      "step": 60
    },
    {
      "epoch": 15.0,
      "eval_accuracy": 0.9232887924025566,
      "eval_loss": 0.45452651381492615,
      "eval_mean_dice": 0.8413206239136546,
      "eval_mean_iou": 0.4616443962012783,
      "eval_runtime": 16.6593,
      "eval_samples_per_second": 12.005,
      "eval_steps_per_second": 0.12,
      "step": 60
    },
    {
      "epoch": 16.0,
      "grad_norm": 0.18427829444408417,
      "learning_rate": 0.0004328384254047926,
      "loss": 0.4495,
      "step": 64
    },
    {
      "epoch": 16.0,
      "eval_accuracy": 0.942421363475266,
      "eval_loss": 0.4236651659011841,
      "eval_mean_dice": 0.8501112596410529,
      "eval_mean_iou": 0.471210681737633,
      "eval_runtime": 17.1796,
      "eval_samples_per_second": 11.642,
      "eval_steps_per_second": 0.116,
      "step": 64
    },
    {
      "epoch": 17.0,
      "grad_norm": 0.2865283191204071,
      "learning_rate": 0.00042049959001562464,
      "loss": 0.4377,
      "step": 68
    },
    {
      "epoch": 17.0,
      "eval_accuracy": 0.9209402194591477,
      "eval_loss": 0.4425497353076935,
      "eval_mean_dice": 0.8451616605859126,
      "eval_mean_iou": 0.46047010972957386,
      "eval_runtime": 17.0152,
      "eval_samples_per_second": 11.754,
      "eval_steps_per_second": 0.118,
      "step": 68
    },
    {
      "epoch": 18.0,
      "grad_norm": 0.598148763179779,
      "learning_rate": 0.0004073300977624594,
      "loss": 0.4384,
      "step": 72
    },
    {
      "epoch": 18.0,
      "eval_accuracy": 0.94670141619822,
      "eval_loss": 0.40434426069259644,
      "eval_mean_dice": 0.8540753199918618,
      "eval_mean_iou": 0.47335070809911,
      "eval_runtime": 17.0412,
      "eval_samples_per_second": 11.736,
      "eval_steps_per_second": 0.117,
      "step": 72
    },
    {
      "epoch": 19.0,
      "grad_norm": 0.4392639994621277,
      "learning_rate": 0.00039339410908776154,
      "loss": 0.434,
      "step": 76
    },
    {
      "epoch": 19.0,
      "eval_accuracy": 0.958680976712367,
      "eval_loss": 0.37927544116973877,
      "eval_mean_dice": 0.8547675678076498,
      "eval_mean_iou": 0.4793404883561835,
      "eval_runtime": 16.9254,
      "eval_samples_per_second": 11.817,
      "eval_steps_per_second": 0.118,
      "step": 76
    },
    {
      "epoch": 20.0,
      "grad_norm": 0.3517152667045593,
      "learning_rate": 0.0003787595187275136,
      "loss": 0.4274,
      "step": 80
    },
    {
      "epoch": 20.0,
      "eval_accuracy": 0.9217689863197787,
      "eval_loss": 0.43780517578125,
      "eval_mean_dice": 0.8501753599780426,
      "eval_mean_iou": 0.46088449315988933,
      "eval_runtime": 16.9469,
      "eval_samples_per_second": 11.802,
      "eval_steps_per_second": 0.118,
      "step": 80
    },
    {
      "epoch": 21.0,
      "grad_norm": 0.37614113092422485,
      "learning_rate": 0.00036349762493488667,
      "loss": 0.4167,
      "step": 84
    },
    {
      "epoch": 21.0,
      "eval_accuracy": 0.958506318949999,
      "eval_loss": 0.3807404041290283,
      "eval_mean_dice": 0.8591822190030709,
      "eval_mean_iou": 0.4792531594749995,
      "eval_runtime": 17.1227,
      "eval_samples_per_second": 11.68,
      "eval_steps_per_second": 0.117,
      "step": 84
    },
    {
      "epoch": 22.0,
      "grad_norm": 0.324569433927536,
      "learning_rate": 0.0003476827821223184,
      "loss": 0.4189,
      "step": 88
    },
    {
      "epoch": 22.0,
      "eval_accuracy": 0.9268838427781039,
      "eval_loss": 0.4201061725616455,
      "eval_mean_dice": 0.8545988518388267,
      "eval_mean_iou": 0.46344192138905194,
      "eval_runtime": 17.0147,
      "eval_samples_per_second": 11.755,
      "eval_steps_per_second": 0.118,
      "step": 88
    },
    {
      "epoch": 23.0,
      "grad_norm": 0.19298942387104034,
      "learning_rate": 0.0003313920386142892,
      "loss": 0.4083,
      "step": 92
    },
    {
      "epoch": 23.0,
      "eval_accuracy": 0.9571262299303356,
      "eval_loss": 0.374381422996521,
      "eval_mean_dice": 0.8627901603674315,
      "eval_mean_iou": 0.4785631149651678,
      "eval_runtime": 17.1152,
      "eval_samples_per_second": 11.685,
      "eval_steps_per_second": 0.117,
      "step": 92
    },
    {
      "epoch": 24.0,
      "grad_norm": 0.2928221523761749,
      "learning_rate": 0.00031470476127563017,
      "loss": 0.4069,
      "step": 96
    },
    {
      "epoch": 24.0,
      "eval_accuracy": 0.9332107161752593,
      "eval_loss": 0.40810683369636536,
      "eval_mean_dice": 0.86001548693068,
      "eval_mean_iou": 0.46660535808762965,
      "eval_runtime": 16.9682,
      "eval_samples_per_second": 11.787,
      "eval_steps_per_second": 0.118,
      "step": 96
    },
    {
      "epoch": 25.0,
      "grad_norm": 0.24978072941303253,
      "learning_rate": 0.0002977022488441362,
      "loss": 0.403,
      "step": 100
    },
    {
      "epoch": 25.0,
      "eval_accuracy": 0.9466452092356774,
      "eval_loss": 0.3778979182243347,
      "eval_mean_dice": 0.8662172497819897,
      "eval_mean_iou": 0.4733226046178387,
      "eval_runtime": 17.1736,
      "eval_samples_per_second": 11.646,
      "eval_steps_per_second": 0.116,
      "step": 100
    },
    {
      "epoch": 26.0,
      "grad_norm": 0.2566041946411133,
      "learning_rate": 0.00028046733585128684,
      "loss": 0.3954,
      "step": 104
    },
    {
      "epoch": 26.0,
      "eval_accuracy": 0.9474007332561848,
      "eval_loss": 0.3780610263347626,
      "eval_mean_dice": 0.8663623466842707,
      "eval_mean_iou": 0.4737003666280924,
      "eval_runtime": 17.0723,
      "eval_samples_per_second": 11.715,
      "eval_steps_per_second": 0.117,
      "step": 104
    },
    {
      "epoch": 27.0,
      "grad_norm": 0.3844776749610901,
      "learning_rate": 0.000263083989060736,
      "loss": 0.3927,
      "step": 108
    },
    {
      "epoch": 27.0,
      "eval_accuracy": 0.9459447488302241,
      "eval_loss": 0.3821423351764679,
      "eval_mean_dice": 0.8661362259656664,
      "eval_mean_iou": 0.47297237441511203,
      "eval_runtime": 17.0403,
      "eval_samples_per_second": 11.737,
      "eval_steps_per_second": 0.117,
      "step": 108
    },
    {
      "epoch": 28.0,
      "grad_norm": 0.27529051899909973,
      "learning_rate": 0.0002456368983906791,
      "loss": 0.39,
      "step": 112
    },
    {
      "epoch": 28.0,
      "eval_accuracy": 0.9409181816649732,
      "eval_loss": 0.38719063997268677,
      "eval_mean_dice": 0.8649809146786014,
      "eval_mean_iou": 0.4704590908324866,
      "eval_runtime": 17.0637,
      "eval_samples_per_second": 11.721,
      "eval_steps_per_second": 0.117,
      "step": 112
    },
    {
      "epoch": 29.0,
      "grad_norm": 0.3520243465900421,
      "learning_rate": 0.00022821106431308543,
      "loss": 0.3858,
      "step": 116
    },
    {
      "epoch": 29.0,
      "eval_accuracy": 0.9473822110268685,
      "eval_loss": 0.3725131154060364,
      "eval_mean_dice": 0.8674699829346523,
      "eval_mean_iou": 0.47369110551343424,
      "eval_runtime": 17.094,
      "eval_samples_per_second": 11.7,
      "eval_steps_per_second": 0.117,
      "step": 116
    },
    {
      "epoch": 30.0,
      "grad_norm": 0.32963716983795166,
      "learning_rate": 0.00021089138373994224,
      "loss": 0.3837,
      "step": 120
    },
    {
      "epoch": 30.0,
      "eval_accuracy": 0.9394451384944816,
      "eval_loss": 0.38038861751556396,
      "eval_mean_dice": 0.8658741130167867,
      "eval_mean_iou": 0.4697225692472408,
      "eval_runtime": 17.066,
      "eval_samples_per_second": 11.719,
      "eval_steps_per_second": 0.117,
      "step": 120
    },
    {
      "epoch": 31.0,
      "grad_norm": 0.2838914096355438,
      "learning_rate": 0.0001937622364140338,
      "loss": 0.3837,
      "step": 124
    },
    {
      "epoch": 31.0,
      "eval_accuracy": 0.9381856497679222,
      "eval_loss": 0.37745070457458496,
      "eval_mean_dice": 0.8658784195384712,
      "eval_mean_iou": 0.4690928248839611,
      "eval_runtime": 17.2105,
      "eval_samples_per_second": 11.621,
      "eval_steps_per_second": 0.116,
      "step": 124
    },
    {
      "epoch": 32.0,
      "grad_norm": 0.3612179458141327,
      "learning_rate": 0.00017690707381931583,
      "loss": 0.3779,
      "step": 128
    },
    {
      "epoch": 32.0,
      "eval_accuracy": 0.9487571092489334,
      "eval_loss": 0.36500275135040283,
      "eval_mean_dice": 0.8689644956387639,
      "eval_mean_iou": 0.4743785546244667,
      "eval_runtime": 17.1146,
      "eval_samples_per_second": 11.686,
      "eval_steps_per_second": 0.117,
      "step": 128
    },
    {
      "epoch": 33.0,
      "grad_norm": 0.4498700499534607,
      "learning_rate": 0.00016040801261367493,
      "loss": 0.3841,
      "step": 132
    },
    {
      "epoch": 33.0,
      "eval_accuracy": 0.9343555728826056,
      "eval_loss": 0.38118621706962585,
      "eval_mean_dice": 0.8649690932267076,
      "eval_mean_iou": 0.4671777864413028,
      "eval_runtime": 16.9762,
      "eval_samples_per_second": 11.781,
      "eval_steps_per_second": 0.118,
      "step": 132
    },
    {
      "epoch": 34.0,
      "grad_norm": 0.7426901459693909,
      "learning_rate": 0.0001443454345648252,
      "loss": 0.3866,
      "step": 136
    },
    {
      "epoch": 34.0,
      "eval_accuracy": 0.9478837061023451,
      "eval_loss": 0.3652794659137726,
      "eval_mean_dice": 0.8703506486476458,
      "eval_mean_iou": 0.47394185305117253,
      "eval_runtime": 17.031,
      "eval_samples_per_second": 11.743,
      "eval_steps_per_second": 0.117,
      "step": 136
    },
    {
      "epoch": 35.0,
      "grad_norm": 0.5011205077171326,
      "learning_rate": 0.00012879759493841575,
      "loss": 0.3797,
      "step": 140
    },
    {
      "epoch": 35.0,
      "eval_accuracy": 0.9372905687529488,
      "eval_loss": 0.3862614333629608,
      "eval_mean_dice": 0.8667204837095763,
      "eval_mean_iou": 0.4686452843764744,
      "eval_runtime": 17.06,
      "eval_samples_per_second": 11.723,
      "eval_steps_per_second": 0.117,
      "step": 140
    },
    {
      "epoch": 36.0,
      "grad_norm": 0.43373820185661316,
      "learning_rate": 0.00011384024124624323,
      "loss": 0.3677,
      "step": 144
    },
    {
      "epoch": 36.0,
      "eval_accuracy": 0.9336753268607517,
      "eval_loss": 0.3742871880531311,
      "eval_mean_dice": 0.8651432409532767,
      "eval_mean_iou": 0.46683766343037586,
      "eval_runtime": 16.9314,
      "eval_samples_per_second": 11.812,
      "eval_steps_per_second": 0.118,
      "step": 144
    },
    {
      "epoch": 37.0,
      "grad_norm": 0.3585686981678009,
      "learning_rate": 9.954624421198791e-05,
      "loss": 0.3679,
      "step": 148
    },
    {
      "epoch": 37.0,
      "eval_accuracy": 0.9499133994311664,
      "eval_loss": 0.3559769093990326,
      "eval_mean_dice": 0.8707529428579336,
      "eval_mean_iou": 0.4749566997155832,
      "eval_runtime": 17.0902,
      "eval_samples_per_second": 11.703,
      "eval_steps_per_second": 0.117,
      "step": 148
    },
    {
      "epoch": 38.0,
      "grad_norm": 0.3318876624107361,
      "learning_rate": 8.598524275237321e-05,
      "loss": 0.3809,
      "step": 152
    },
    {
      "epoch": 38.0,
      "eval_accuracy": 0.9409837412099731,
      "eval_loss": 0.37391796708106995,
      "eval_mean_dice": 0.8685032744382319,
      "eval_mean_iou": 0.47049187060498654,
      "eval_runtime": 17.2931,
      "eval_samples_per_second": 11.565,
      "eval_steps_per_second": 0.116,
      "step": 152
    },
    {
      "epoch": 39.0,
      "grad_norm": 0.2630111873149872,
      "learning_rate": 7.322330470336314e-05,
      "loss": 0.3644,
      "step": 156
    },
    {
      "epoch": 39.0,
      "eval_accuracy": 0.9384113694291337,
      "eval_loss": 0.3688688576221466,
      "eval_mean_dice": 0.8684103761925194,
      "eval_mean_iou": 0.46920568471456686,
      "eval_runtime": 17.0872,
      "eval_samples_per_second": 11.705,
      "eval_steps_per_second": 0.117,
      "step": 156
    },
    {
      "epoch": 40.0,
      "grad_norm": 0.29317933320999146,
      "learning_rate": 6.1322604944307e-05,
      "loss": 0.3803,
      "step": 160
    },
    {
      "epoch": 40.0,
      "eval_accuracy": 0.944345502963934,
      "eval_loss": 0.3623103201389313,
      "eval_mean_dice": 0.871017235953549,
      "eval_mean_iou": 0.472172751481967,
      "eval_runtime": 17.2006,
      "eval_samples_per_second": 11.628,
      "eval_steps_per_second": 0.116,
      "step": 160
    },
    {
      "epoch": 41.0,
      "grad_norm": 0.30718082189559937,
      "learning_rate": 5.0341122488176846e-05,
      "loss": 0.3723,
      "step": 164
    },
    {
      "epoch": 41.0,
      "eval_accuracy": 0.942057847574721,
      "eval_loss": 0.36820656061172485,
      "eval_mean_dice": 0.870157625149829,
      "eval_mean_iou": 0.4710289237873605,
      "eval_runtime": 17.1748,
      "eval_samples_per_second": 11.645,
      "eval_steps_per_second": 0.116,
      "step": 164
    },
    {
      "epoch": 42.0,
      "grad_norm": 0.2632514536380768,
      "learning_rate": 4.033235801364402e-05,
      "loss": 0.379,
      "step": 168
    },
    {
      "epoch": 42.0,
      "eval_accuracy": 0.9387044779913268,
      "eval_loss": 0.368671178817749,
      "eval_mean_dice": 0.8688805816912433,
      "eval_mean_iou": 0.4693522389956634,
      "eval_runtime": 17.1964,
      "eval_samples_per_second": 11.63,
      "eval_steps_per_second": 0.116,
      "step": 168
    },
    {
      "epoch": 43.0,
      "grad_norm": 0.6134334802627563,
      "learning_rate": 3.134507321515106e-05,
      "loss": 0.378,
      "step": 172
    },
    {
      "epoch": 43.0,
      "eval_accuracy": 0.9416668684674984,
      "eval_loss": 0.3640108108520508,
      "eval_mean_dice": 0.86988231658892,
      "eval_mean_iou": 0.4708334342337492,
      "eval_runtime": 17.088,
      "eval_samples_per_second": 11.704,
      "eval_steps_per_second": 0.117,
      "step": 172
    },
    {
      "epoch": 44.0,
      "grad_norm": 0.4895644187927246,
      "learning_rate": 2.3423053240837516e-05,
      "loss": 0.3641,
      "step": 176
    },
    {
      "epoch": 44.0,
      "eval_accuracy": 0.9468729183215192,
      "eval_loss": 0.36176276206970215,
      "eval_mean_dice": 0.871237185405767,
      "eval_mean_iou": 0.4734364591607596,
      "eval_runtime": 17.1283,
      "eval_samples_per_second": 11.677,
      "eval_steps_per_second": 0.117,
      "step": 176
    },
    {
      "epoch": 45.0,
      "grad_norm": 0.539368748664856,
      "learning_rate": 1.6604893375699592e-05,
      "loss": 0.3794,
      "step": 180
    },
    {
      "epoch": 45.0,
      "eval_accuracy": 0.947230100076977,
      "eval_loss": 0.36475199460983276,
      "eval_mean_dice": 0.8711784368148526,
      "eval_mean_iou": 0.4736150500384885,
      "eval_runtime": 17.1893,
      "eval_samples_per_second": 11.635,
      "eval_steps_per_second": 0.116,
      "step": 180
    },
    {
      "epoch": 46.0,
      "grad_norm": 0.2024846225976944,
      "learning_rate": 1.0923811009241142e-05,
      "loss": 0.3697,
      "step": 184
    },
    {
      "epoch": 46.0,
      "eval_accuracy": 0.9447248656606718,
      "eval_loss": 0.36893996596336365,
      "eval_mean_dice": 0.8705337507426696,
      "eval_mean_iou": 0.4723624328303359,
      "eval_runtime": 17.1484,
      "eval_samples_per_second": 11.663,
      "eval_steps_per_second": 0.117,
      "step": 184
    },
    {
      "epoch": 47.0,
      "grad_norm": 0.20114344358444214,
      "learning_rate": 6.407483803691216e-06,
      "loss": 0.3666,
      "step": 188
    },
    {
      "epoch": 47.0,
      "eval_accuracy": 0.9428548293751672,
      "eval_loss": 0.3695000112056732,
      "eval_mean_dice": 0.8700394360503099,
      "eval_mean_iou": 0.4714274146875836,
      "eval_runtime": 17.0579,
      "eval_samples_per_second": 11.725,
      "eval_steps_per_second": 0.117,
      "step": 188
    }
  ],
  "logging_steps": 500,
  "max_steps": 200,
  "num_input_tokens_seen": 0,
  "num_train_epochs": 50,
  "save_steps": 500,
  "stateful_callbacks": {
    "EarlyStoppingCallback": {
      "args": {
        "early_stopping_patience": 10,
        "early_stopping_threshold": 0.0
      },
      "attributes": {
        "early_stopping_patience_counter": 10
      }
    },
    "TrainerControl": {
      "args": {
        "should_epoch_stop": false,
        "should_evaluate": false,
        "should_log": false,
        "should_save": true,
        "should_training_stop": true
      },
      "attributes": {}
    }
  },
  "total_flos": 6.82305798537216e+17,
  "train_batch_size": 64,
  "trial_name": null,
  "trial_params": null
}
